code;name;dimension;description;bulb;Stok;discprice;price;maliyet
PND1426-W3;PETRA APLİK 2L;;METAL VE MERMER  MALZEMEDEN ÜRETİLMEKTEDİR.;G9;N/A;2500
PND1691-C;"MARCOAVİZE/CHANDELIER;35 Q;ÜRÜN METALVE AKRİLİK MALZEMEDEN OLUŞMAKTADIR.ŞEFFAF RENK MEVCUTTUR.;E14x4;16500;23100
PND1266-A; SOFIA 10 L SARKIT/PENDANT;UZUNLUK:100cm KABLO BOYU:80CM; ÜRÜN PASLANMAZ VE CAMDAN OLUŞMAKTADIR İSTENİLEN CAM RENGİÜRETİLMEKTEDİR;19750;27650;
HASIR-1;Hasır sarkıt büyük;25cm 50cm; ; E27;YOK;;8900;  
HASIR-2;Hasır sarkıt; 35cm 120 cm; ; E27;;;13500;
HASIR-3;Hasır sarkır; ; ;;;;3900;
HASIR-4;Hasır;;;;;1750;
PND1328-ST; "LOTUS 1L SARKIT/PENDANT;30X18X100 CM;METAL MALZEME ROZANS KRİSTAL CAMDAN OLUŞMAKTADIR;G9;;3750;5250"
PND1318;BOMP LAMBADER;48X140 CM;METAL VE ÜFLEME CAM. CAM RENGİ İSTENİLEN RENK BOYANA BİLİR; E25;;19600;26600;
PND1238;"İSTRİDYE YUVARLAK";"ÇAP 50CM METAL VE CAM"; E14;15200;21000;
PND1238-L;"İSTRİDYE LİNEAR";"80X40 CM METAL VE CAM"; E14;15200;21000;
PND1426-W3;"PETRAAPLİK3L ";"41CMX15CM PİRİNÇROZANS";STRP LED;2250;3150;
PND1426-W5;"PETRAAPLİK5L ";"75CMX15CM PİRİNÇROZANS";STRP LED;3750;5250;
PND1426-W7;"PETRAAPLİK7L ";"110CMX15CM PİRİNÇROZANS";STRP LED;5250;7350;
PND1426;PETRAOVALAVİZE/CHANDELIER;"100X 42X17CM";STRP LED;32500;45500;
PND1426-A;PETRAYUVARLAKAVİZE/CHANDELIER;"60X17CM ";STRP LED;27500;38500;
PND1426-B;PETRALİNERAVİZE/CHANDELIER;"85X15X80CM ";STRP LED;46200;64500;
FS-468;TRAVERTER SUTUN;60X30 X30 CM;DOĞAL TRAVERTEN MERMER MALZEMEDEN OLUŞMAKTADIR;YOK;8980;13000;
FS-469;TRAVERTER SUTUN;100X30 X30 CM;DOĞAL TRAVERTEN MERMER MALZEMEDEN OLUŞMAKTADIR;YOK;11200;16000;
FS-467;TRAVERTER SUTUN;80X30 X30 CM;DOĞAL TRAVERTEN MERMER MALZEMEDEN OLUŞMAKTADIR;YOK;9900;14000;
PND1729;LİZ SARKIT;60 CM ;AHŞAP  MALZEME CNS KESİM TASARIM  NATUREL AHŞAP RENK OLUP, 3000 K IŞIK RENGİNE SAHİPTİR STOKLARLA SINIRLIDIR;COB LED;VAR;8100;11340;2.700,00 TL
PND1729-B;LİZ SARKIT;80 CM ;AHŞAP  MALZEME CNS KESİM TASARIM  NATUREL AHŞAP RENK OLUP, 3000 K IŞIK RENGİNE SAHİPTİR STOKLARLA SINIRLIDIR;COB LED;VAR ;13500;18900;4.500,00 TL
PND1699-A;SHADOW SARKIT ;16X48 CM ;ÜRÜN CAM MAZLEMEDEN ÜRETİLMEKTEDİR.  ÜRÜN KENDİNDEN LEDLİDİR. ;DS LED;VAR ;5700;7980;1.900,00 TL
PND1699-B;SHADOW SARKIT ;18X48 CM ;ÜRÜN CAM MAZLEMEDEN ÜRETİLMEKTEDİR.  ÜRÜN KENDİNDEN LEDLİDİR. ;DS LED;VAR ;6450;9030;2.150,00 TL
PND1699-C;SHADOW SARKIT ;18X70 CM ;ÜRÜN CAM MAZLEMEDEN ÜRETİLMEKTEDİR.  ÜRÜN KENDİNDEN LEDLİDİR. ;DS LED;VAR ;6750;9450;2.250,00 TL
PND1717;FLOS CAM SARKIT ;Bilgi Yok;ÜRÜN CAM MAZLEMEDEN ÜRETİLMEKTEDİR.  ÜRÜN KENDİNDEN LEDLİDİR. ;DS LED ;VAR ;12450;17430;4.150,00 TL
PND1717-B;FLOS LAMBADER ;28*128 CM ;ÜRÜN CAM MAZLEMEDEN ÜRETİLMEKTEDİR.  ÜRÜN KENDİNDEN LEDLİDİR. ;DS LED ;VAR ;34050;47670;11.350,00 TL
PND1692;DEW SARKIT;300x5 cm;DERİ KUMAŞ VE CAM MALZEMEDEN ÜRETİLMİŞTİR. 7 CAM ADET BULUNMAKTADIR.8 CM,10 CM ,12 CM,15 CM CAM ÖLÇÜLERİNDEDİR.SİYAH VE TABA RENKLERİ BULUNMAKTADIR. FÜME RENK CAM  ;DS LED;VAR ;11250;15750;4.500,00 TL
PND1692-B;DEW SARKIT;300x150 cm;DERİ KUMAŞ VE CAM MALZEMEDEN ÜRETİLMİŞTİR. 14 ADET CAM BULUNMAKTADIR.8 CM,10 CM ,12 CM,15 CM CAM ÖLÇÜLERİNDEDİR.SİYAH VE TABA RENKLERİ BULUNMAKTADIR. FÜME RENK CAM  ;DS LED;VAR ;22500;31500;9.000,00 TL
PND1762-A;NORDIC SARKIT;90X200 CM ;DERİ KUMAŞ VE CAM MALZEMEDEN ÜRETİLMİŞTİR. 5 ADET CAM OLUŞMAKTADIR.TABA RENKLERİ BULUNMAKTADIR. BUZ BEYAZ RENK CAM  ;DS LED;VAR ;12000;16800;7.770,00 TL
PND1762-B;NORDIC LINER SARKIT;130x200 CM ;DERİ KUMAŞ   VE METAL MALZEMEDEN ÜRETİLMİŞTİR. 3 ADET BAŞLIK BULUNMAKTADIR. TABA RENKLERİ  BUZ BEYAZ RENK CAM  25 W;DS LED;VAR ;10000;14000;5.420,00 TL
PND1698;GALAKSY SARKIT;200x10 CM ;  AKRİLİK VE METAL MALZEMEDEN ÜRETİLMİŞTİR. 10  CM ÇAPINDA  22 ADET TOPTAN OLUŞMAKTADIR. 80 W  3000 KELVİN GÜNIŞIĞI  MAX 400 CM KADAR ÜRETİLMEKTEDİR.;DS LED;VAR ;16500;23100;8.500,00 TL
PND1698-B;GALAKSY SARKIT;60X19X4 CM ;  AKRİLİK VE METALAMALZEMEDEN ÜRETİLMİŞTİR. 10  CM ÇAPINDA  16 ADET TOPTAN OLUŞMAKTADIR. 60 W  3000 KELVİN GÜNIŞIĞI ;DS LED;VAR ;12500;17500;6.000,00 TL
PND1698-D;GALAKSY 1 L ;45 CM  2 TOP 10 CM  1 TOP 15 CM;  AKRİLİK VE METALAMALZEMEDEN ÜRETİLMİŞTİR. 10  CM ÇAPINDA  3 ADET TOPTAN OLUŞMAKTADIR. ;DS LED;VAR ;4000;5600;2.000,00 TL
PND1706;CLOUD SARKIT ;Q:45 cm Led 3 Renk;  AKRİLİK VE METALAMALZEMEDEN ÜRETİLMİŞTİR. ;DS LED;VAR ;6000;8400;3.000,00 TL
PND1693;RANDOM SARKIT;28 Q; Amorf şekil  cam  malzemeden üretilmiştir. Renk seçenekleri Bal, Füme , Şeffaf ;G9 ;YOK;3750;5250;1.250,00 TL
PND1693-F;RANDOM LAMBADER;165X40 CM; Amorf şekil  cam  ve metal gövdeden oluşmaktadır. Renk seçenekleri Bal, Füme , Şeffaf ;E14;YOK;19500;27300;Bilgi Yok
PND1694;87 SARKIT;H:80 Q:30 ; El YAPIMI Cam  malzemeden üretilmiştir. Renk seçenekleri BEYAZ ;DS LED;VAR ;7500;10500;2.500,00 TL
PND1694-B;87 SARKIT;H:80 Q:30  X3; El YAPIMI Cam  malzemeden üretilmiştir. Renk seçenekleri BEYAZ ;DS LED;VAR ;22500;31500;7.500,00 TL
PND1695;ORIJIN DERİ SARKIT;H:115 CM  Q: 15 CM ; Deri kumaş ve Cam Kristal malzemeden üretilmiştir. Siyah Deri Kahve Deri Beyaz Deri ;G9 LED;YOK;4500;6300;1.500,00 TL
PND1696;OCHRE SARKIT;20 Q;  Cam Kristal malzemeden üretilmiştir.  ;G9 LED;YOK;4500;6300;1.500,00 TL
PND1697;MİRA AVİZE;80X50 CM  ;Ürün metal tel malzemeden üretilmiş olup,kapsül ledler ve kristal taştan üretilmektedir. Renk krom şeffaf;LED;VAR;18000;25200;Bilgi Yok
PND1697-A;MİRA AVİZE/CHANDELIER;60 Q;Ürün metal tel malzemeden üretilmiş olup,kapsül ledler ve kristal taştan üretilmektedir. Renk krom şeffaf;LED;VAR;16250;22750;6.500,00 TL
PND1697-B;MİRA AVİZE;80 Q;Ürün metal tel malzemeden üretilmiş olup,kapsül ledler ve kristal taştan üretilmektedir. Renk krom şeffaf;LED;VAR;35000;49000;17.500,00 TL
PND1697-C;MİRA AVİZE;100 CM;Ürün metal tel malzemeden üretilmiş olup,kapsül ledler ve kristal taştan üretilmektedir. Renk krom şeffaf;LED;VAR;24000;33600;9.300,00 TL
PND1697-E;MİRA AVİZE;150 CM ;Ürün metal tel malzemeden üretilmiş olup,kapsül ledler ve kristal taştan üretilmektedir. Renk krom şeffaf;LED;VAR;30400;42560;15.200,00 TL
PND1247;VIBIA COSMOC SARKIT;60X 120 CM ; POLİKARBON  malzemeden üretilmiştir.  İstenilen  renk üretilmektedir.  ;DS LED;VAR ;13500;18900;4.750,00 TL
PND1247-A;VIBIA COSMOC SARKIT;16 Q; POLİKARBON  malzemeden üretilmiştir.  İstenilen  renk üretilmektedir.  ;DS LED;VAR ;3200;4480;690,00 TL
PND1247-B;VIBIA COSMOC SARKIT;22 Q; POLİKARBON  malzemeden üretilmiştir.  İstenilen  renk üretilmektedir.  ;DS LED;VAR ;3900;5460;825,00 TL
PND1746;KOSMİ APLİK ;40 Q;METAL MALZEMEDEN ÜRETİLMİŞTİR.;G9;YOK;3250;4550;Bilgi Yok
PND1747;PARED APLİK ;30X50X10 CM ;METAL MALZEMEDEN ÜRETİLMİŞTİR.;G9;YOK;2800;3920;Bilgi Yok
PND1748;LAMPARA APLİK  ;35X35X11 CM ;METAL VE HASIR MALZEMEDEN ÜRETİLMİŞTİR.;E27;YOK;3300;4620;Bilgi Yok
PND1749-A;MODO YENİ APLİK;18X80 CM;METAL VE CAM MALZEMEDEN ÜRETİLMİŞTİR.;E27;YOK;1200;1680;Bilgi Yok
PND1749-B;MODO YENİ SARKIT;100X30 CM ;METAL VE CAM MALZEMEDEN ÜRETİLMİŞTİR.;E27;YOK;5000;7000;Bilgi Yok
PND1749-C;MODO YENİ SARKIT;100X120 CM ;METAL VE CAM MALZEMEDEN ÜRETİLMİŞTİR.;E27;YOK;5000;7000;Bilgi Yok
PND1750;SİDE APLİK;35X35X30;METAL MALZEMEDEN ÜRETİLMİŞTİR.;E27;YOK;2700;3780;Bilgi Yok
PND1751;NEGLO APLİK;25X20 30 CM ;METAL MALZEMEDEN ÜRETİLMİŞTİR.;E27;YOK;1800;2520;Bilgi Yok
PND1752-1;FUT APLİK;50X15X18 CM ;METAL MALZEMEDEN ÜRETİLMİŞTİR.;E14;YOK;1400;1960;Bilgi Yok
PND1752-2;FUT APLİK;25X15X25  CM;METAL MALZEMEDEN ÜRETİLMİŞTİR.;E14;YOK;1400;1960;Bilgi Yok
PND1271;MESHMATIC SARKIT;40 Q;Ürün metal malzemeden üretilmektedir. Bakır,krom,eskitme renkleri mevcuttur.;DS LED;VAR ;9000;12600;3.000,00 TL
PND1272;MESHMATIC SARKIT;60 Q;Ürün metal malzemeden üretilmektedir. Bakır,krom,eskitme renkleri mevcuttur.;DS LED;VAR ;15300;21420;5.100,00 TL
PND1273;MESHMATIC SARKIT;90 Q;Ürün metal malzemeden üretilmektedir. Bakır,krom,eskitme renkleri mevcuttur.;DS LED;VAR ;36750;51450;12.250,00 TL
PND1647;SPOKES SARKIT;38X38 CM ;Ürün metal malzemeden üretilmektedir. Siyah , Beyaz,Bakır,Krom,Eskitme renkleri mevcuttur;LED;VAR ;6300;9000;2.100,00 TL
PND1647-A;SPOKES SARKIT;32X72 CM ;Ürün metal malzemeden üretilmektedir. Siyah , Beyaz,Bakır,Krom,Eskitme renkleri mevcuttur;LED;VAR ;6600;9500;2.200,00 TL
PND1647-B;SPOKES SARKIT;52 X 52 CM;Ürün metal malzemeden üretilmektedir. Siyah , Beyaz,Bakır,Krom,Eskitme renkleri mevcuttur;LED;VAR ;7200;12000;2.400,00 TL
PND1647-D;SPOKES SARKIT;70X73 CM;Ürün metal malzemeden üretilmektedir. Siyah , Beyaz,Bakır,Krom,Eskitme renkleri mevcuttur;LED;VAR ;9600;15000;3.200,00 TL
PND1737-A;RENOVA SARKIT  ;D:18  CM ;ÜRÜN CAM MALZEMEDEN ÜRETİLMEKTEDİR.  FÜME RENK  ;DS LED;VAR ;2625;3675;1.050,00 TL
PND1737-B;RENOVA SARKIT  ;20 Q;ÜRÜN CAM MALZEMEDEN ÜRETİLMEKTEDİR.  FÜME RENK  ;DS LED;VAR ;2625;3675;1.050,00 TL
PND1737-C ;RENOVA SARKIT  ;30 Q ;ÜRÜN CAM MALZEMEDEN ÜRETİLMEKTEDİR.  FÜME RENK  ;DS LED;VAR ;3500;4900;1.400,00 TL
PND1737-D ;RENOVA SARKIT  ;30 Q ;ÜRÜN CAM MALZEMEDEN ÜRETİLMEKTEDİR.  BAL RENK  ;DS LED;VAR ;2625;3675;1.050,00 TL
PND173O-A;BUĞU SARKIT ;D:32,5X42 CM ;ÜRÜN CAM MALZEMEDEN ÜRETİLMEKTEDİR.  ;DS LED;VAR ;4800;6720;2.400,00 TL
PND1730-B;BUĞU SARKIT ;D:325 X 55 CM ;ÜRÜN CAM MALZEMEDEN ÜRETİLMEKTEDİR.  ;DS LED;VAR ;4800;6720;2.400,00 TL
PND1730-C;BUĞU SARKIT ;D:32,5X60 CM ;ÜRÜN CAM MALZEMEDEN ÜRETİLMEKTEDİR.  ;DS LED;VAR ;5000;7000;2.500,00 TL
PND1738-A;DEK ABAJUR ;M 33 CM;ÜRÜN CAM MALZEMEDEN ÜRETİLMEKTEDİR. FÜME BAL RENKTİR  ;DS LED;VAR ;6250;8750;2.500,00 TL
PND1738-B;DEK ABAJUR ;33 CM;ÜRÜN CAM MALZEMEDEN ÜRETİLMEKTEDİR. FÜME ŞEFFAF RENKTİR  ;DS LED;VAR ;6250;8750;2.500,00 TL
PND1739;OKTAVYA ABAJUR;26X40 CM ;ÜRÜN CAM MALZEMEDEN ÜRETİLMEKTEDİR. AMBER  ŞEFFAF RENKTİR  ;E27;YOK;#DEĞER!;#DEĞER!;Bilgi Yok
PND1328-C;COFFEI SARKIT ;33 CM ;ÜRÜN CAM MALZEMEDEN ÜRETİLMEKTEDİR. BAL -PİRİNÇ RENKTİR. ;DS LED;VAR;4125;5775;1.650,00 TL
PND1328-A;COFFEI SARKIT ;33 CM ;ÜRÜN CAM MALZEMEDEN ÜRETİLMEKTEDİR. FÜME -PİRİNÇ RENKTİR. ;DS LED;VAR;4125;5775;1.650,00 TL
PND1328-B;COFFEI ABAJUR ;23 CM ;ÜRÜN CAM MALZEMEDEN ÜRETİLMEKTEDİR. FÜME -PİRİNÇ RENKTİR. ;DS LED;VAR;4250;5950;1.700,00 TL
PND1328;COFFEI LAMBADER;33X145 CM ;ÜRÜN CAM MALZEMEDEN ÜRETİLMEKTEDİR. FÜME -PİRİNÇ  BAL-PİRİNÇ RENKLERİ MEVCUT ;DS LED;VAR;8625;12075;3.450,00 TL
PND1743;ŞAPKA LAMBADER;140X40X40 CM ;ÜRÜN MERMER VE METAL MALZEMEDEN ÜRETİLMEKTEDİR.;E14;YOK;9500;13300;Bilgi Yok
PND1744;ŞAPKA KONİ LAMBADER;140X40X40 CM ;ÜRÜN MERMER VE METAL MALZEMEDEN ÜRETİLMEKTEDİR.;G9;YOK;8500;11900;Bilgi Yok
PND1745;MODO LAMBADER 2L ;155X18X40 CM ;ÜRÜN MERMER VE METAL MALZEMEDEN ÜRETİLMEKTEDİR.;E14;YOK;8750;12250;Bilgi Yok
PND1688-B;MAFSALLI SPOT ;Bilgi Yok;METAL MALZEMEDEN ÜRETİLMEKTEDİR.;GU10;YOK;1650;2475;850,00 TL
PND1731;SPOT LAMBADER ;160X40 CM ;MERMER VE METAL MALZEMEDEN ÜRETİLMEKTEDİR. YÖNLENDİRİLEBİLİR 3 KAFADAN OLUŞMAKTADIR.;GU10 ;VAR ;8400;11760;4.200,00 TL
PND1742-A;SEHPA LAMBADER ;133 X 40 CM ;ÜRÜN MERMER VE METAL MALZEMEDEN ÜRETİLMEKTEDİR.;GU10;YOK;12500;17500;Bilgi Yok
PND1742-B;SEHPA LAMBADER 2;155X30X35 CM ;ÜRÜN MERMER VE METAL MALZEMEDEN ÜRETİLMEKTEDİR.;GU10;YOK;12500;17500;Bilgi Yok
PND1741;CHIL SARKIT ;28 CM ;MERMER VE METAL MALZEMEDEN ÜRETİLMEKTEDİR. ŞEFFAF PİRİNÇ RENK;DSLED;VAR ;4500;6300;2.250,00 TL
PND1740-A;GRAND SARKIT;23 X 13 CM;ÜRÜN CAM MAZLEMEDEN ÜRETİLMEKTEDİR.  ÜRÜN KENDİNDEN LEDLİDİR. ;DSLED;VAR ;2700;3780;1.350,00 TL
PND1740-B;GRAND SARKIT;16 X 17 CM;ÜRÜN CAM MAZLEMEDEN ÜRETİLMEKTEDİR.  ÜRÜN KENDİNDEN LEDLİDİR. ;DSLED;VAR ;3000;4200;1.500,00 TL
PND1740-C;GRAND SARKIT;28 X 10 CM ;ÜRÜN CAM MAZLEMEDEN ÜRETİLMEKTEDİR.  ÜRÜN KENDİNDEN LEDLİDİR. ;DSLED;VAR ;3600;5040;1.800,00 TL
PND1732;SPOT LAMBADER 2 /FLOOR LAMP ;160X32 CM ;MERMER VE METAL MALZEMEDEN ÜRETİLMEKTEDİR. YÖNLENDİRİLEBİLİR METAL ŞAPKADAN OLUŞMAKTADIR.;E27;YOK;5200;7280;2.600,00 TL
PND1653;CIRQUE SARKIT;25x75 cm;METAL VE CAM MALZEMEDEN ÜRETİLMEKTEDİR. TEKLİ SATILMAKTADIR. 2L-3L YATAY VERSİYONLARI YAPILABİLİR.;LED;VAR ;5760;8064;1.920,00 TL
PND1753;LUCA LAMBEDER;171x60 cm;METAL MERMER VE CAM MALZEMEDEN ÜRETİLMEKTEDİR.;G9 LED;YOK;12500;17500;1.900,00 TL
PND1662;VİP SARKIT 1L ;82X3,5;METAL MALZEMEDEN OLUŞMAKTADIR. İÇİ DOLU PLEXİ KULLANILMIŞTIR. RAL KODUNA GÖRE İSTENİLEN RENK BOYANMAKTADIR. KAPLAMA RENKLERİ MEVCUTTUR;G9 LED;VAR;1200;1680;475,00 TL
PND1662-A;VİP SARKIT 3L  ;20 Q;METAL MALZEMEDEN OLUŞMAKTADIR. İÇİ DOLU PLEXİ KULLANILMIŞTIR. RAL KODUNA GÖRE İSTENİLEN RENK BOYANMAKTADIR. KAPLAMA RENKLERİ MEVCUTTUR;G9 LED;VAR;2900;4060;1.425,00 TL
PND1662-B;VİP SARKIT 9 L ;35 Q;METAL MALZEMEDEN OLUŞMAKTADIR. İÇİ DOLU PLEXİ KULLANILMIŞTIR. RAL KODUNA GÖRE İSTENİLEN RENK BOYANMAKTADIR. KAPLAMA RENKLERİ MEVCUTTUR;G9 LED;VAR;9800;13720;4.275,00 TL
PND1688;SPOT ARMATÜR;60 CM ;METAL MALZEMEDEN ÜRETİLMEKTEDİR. BAKIR , KROM, ALTIN , ESKİTME KAPLAMA RENKLERİ YAPILABİLİR.;GU10;YOK;2750;11000;1.000,00 TL
PND1688-A;SPOT APLİK;20 Q;METAL MALZEMEDEN ÜRETİLMEKTEDİR. YÖNLENDİRİLEBİLİR BAŞLIK  BAKIR , KROM, ALTIN , ESKİTME KAPLAMA RENKLERİ YAPILABİLİR.;GU10;YOK;1800;7200;475,00 TL
PND1652;NOSA APLİK;YÜKSEKLİK : 75 CM ;METAL VE CAM MALZEMEDEN ÜRETİLMEKTEDİR. 3 ADET 8 Q GLOB CAM BULUNMAKTADIR.;G9;YOK ;5700;7980;1.900,00 TL
PND1254;PAU SARKIT ;25 Q;METAL MALZEMEDEN OLUŞMAKTADIR. RAL KODUNA GÖRE İSTENİLEN RENK BOYANMAKTADIR.;E27;YOK;1875;2625;Bilgi Yok
PND1254/W;PAU APLİK;ROZANS : 17 CM YÜKSEKLİK : 35 CM   ;METAL MALZEMEDEN OLUŞMAKTADIR. RAL KODUNA GÖRE İSTENİLEN RENK BOYANMAKTADIR.;E14;YOK;1275;1785;Bilgi Yok
PND1344/A;BRASS SARKIT ;16X31 CM;METAL VE PLEXİ GLAS MALZEMEDEN ÜRETİLMEKTEDİR.;LED;VAR ;3000;2800;685,00 TL
PND1344/B;BRASS SARKIT ;23X28 CM;METAL VE PLEXİ GLAS MALZEMEDEN ÜRETİLMEKTEDİR.;LED;VAR;3250;3900;945,00 TL
PND1344/C;BRASS SARKIT ;40X13 CM;METAL VE PLEXİ GLAS MALZEMEDEN ÜRETİLMEKTEDİR.;LED;VAR;3750;4100;990,00 TL
PND1443-W;CLIPS APLİK;135X88 CM ;Bilgi Yok;G9;YOK;8640;12096;Bilgi Yok
PND1210-T;ECLİPSE ABAJUR; 40X25 CM ;ÜRÜN METAL VE  PLEXİ  MALZEMEDENOLUŞMAKTADIR.;LED;VAR ;4500;6300;975,00 TL
PND1210-1;ECLİPSE SARKIT ; 18 Q  ;ÜRÜN METAL VE  PLEXİ  MALZEMEDENOLUŞMAKTADIR.;LED;VAR ;4500;6300;1.750,00 TL
PND1210-2;ECLİPSE SARKIT ; 25 Q ;ÜRÜN METAL VE  PLEXİ  MALZEMEDENOLUŞMAKTADIR.;LED;VAR ;5500;7700;2.000,00 TL
PND1410;HAT SARKIT;25X30CM;ÜRÜN CAM VE METAL MALZEMEDEN OLUŞMAKTADIR .İSTENİLEN RENK KAPLANABİLİR ;E27;YOK;2250;3150;Bilgi Yok
PND1286;PIPE BALL;ÖLÇÜLER 29X5 CM ;ÜRÜN METAL METAL MALZEMEDEN ÜRETİLMİŞTİR.  İSTENİLEN RENK KAPLAMA YAPILIR.;E27 X 1  MAX 20 W;YOK;875;1225;Bilgi Yok
PND1689;KATERİNA APLİK;34x11 cm ;METAL  VE PLEXİ MALZEMEDEN ÜRETİLMEKTEDİR.;LED;VAR ;4000;6000;2.000,00 TL
PND1310/W;GALERIA APLİK;13 x 14   YÜKSEKLİK 62 cm;ÜRÜN MERMER VE METAL MALZEMEDEN ÜRETİLMEKTEDİR.;E14;YOK;5500;7700;16 adet 
 PND1393-W;OBLUX APLİK; Q :30  H: 59 Cm  ALT :8,5  ORTA: 9 CM ;MERMER  VE METAL MALZMEDEN ÜRETİLMEKTEDİR.;G9 ;LED;5800;8120;Bilgi Yok
PND1648;VERONA SARKIT;20x20 CM ;Onyx mermer ve metal malzemeden oluşmaktadır. ÜRÜN TEKLİDİR;LED;VAR ;5500;7500;1.820,00 TL
PND1648-A;VERONA APLİK;20 Q;Onyx mermer ve metal malzemeden oluşmaktadır.;LED;VAR ;5500;6000;1.800,00 TL
PND1648-B;VERONA 2L SARKIT;20 X35 CM ;Onyx mermer ve metal malzemeden oluşmaktadır.;LED;VAR ;8500;10000;2.400,00 TL
PND1649;ONYX SARKIT;30 Q;ONYX MERMER MALZEMEDEN OLUŞMAKTADIR.İÇ KISIMLARINDAN ŞERİT LED KULLANILMIŞTIR.;LED;VAR ;3900;5460;1.900,00 TL
PND1649-B;ONYX SARKIT;25 Q;ONYX MERMER MALZEMEDEN OLUŞMAKTADIR.İÇ KISIMLARINDAN ŞERİT LED KULLANILMIŞTIR.;LED;VAR ;3800;5320;1.500,00 TL
PND1649-A;ONYX SARKIT;30 Q;ONYX MERMER MALZEMEDEN OLUŞMAKTADIR.İÇ KISIMLARINDAN ŞERİT LED KULLANILMIŞTIR.;LED;VAR ;4200;5880;1.900,00 TL
PND1649-C;ONYX SARKIT;ROZANS 30 Q MERMER 2 ADET 25 Q 1 ADET 30 Q;ONYX MERMER MALZEMEDEN OLUŞMAKTADIR.İÇ KISIMLARINDAN ŞERİT LED KULLANILMIŞTIR.;LED;VAR ;13800;19320;5.400,00 TL
PND1649-D;ONYX SARKIT;ROZANS 40 Q MERMER 4 ADET 25 Q 3 ADET 30 Q;ONYX MERMER MALZEMEDEN OLUŞMAKTADIR.İÇ KISIMLARINDAN ŞERİT LED KULLANILMIŞTIR. IŞIK RENGİ GÜN IŞIĞIDIR.;LED;VAR ;39500;55300;11.700,00 TL
PND1702;FOX MARBLE  SARKIT;ROZANS 60 Q MERMER 9L   H 160cm;ONYX MERMER MALZEMEDEN OLUŞMAKTADIR.İÇ KISIMLARINDAN ŞERİT LED KULLANILMIŞTIR. IŞIK RENGİ GÜN IŞIĞIDIR.;LED;VAR ;39000;46800;19.500,00 TL
PND1703;ROT MARBLE SARKIT;ROZANS 90X37 CM  MERMER 7L   H 160cm;ONYX MERMER MALZEMEDEN OLUŞMAKTADIR.İÇ KISIMLARINDAN ŞERİT LED KULLANILMIŞTIR. IŞIK RENGİ GÜN IŞIĞIDIR.;LED;VAR ;33000;39600;16.500,00 TL
PND1704;TOR MARBLE SARKIT;ROZANS 80X30  MERMER 7L   H 160cm Mermer çap 8 cm ;ONYX MERMER MALZEMEDEN OLUŞMAKTADIR.İÇ KISIMLARINDAN ŞERİT LED KULLANILMIŞTIR. IŞIK RENGİ GÜN IŞIĞIDIR.;LED;VAR ;38000;45600;19.000,00 TL
PND1650;LOPI APLİK;64X14X18;ÜRÜN METAL VE PLEXİ GLAS MALZEMEDEN ÜRETİLMİŞTİR. YÜKSEKLİK 64 CM EN 14 CM DERİNLİK 18 CM ;LED;VAR ;6750;9450;2.250,00 TL
PND1651;JENGA APLİK;YÜKSEKLİK : 50 cm ;ÜRÜN METAL VE PLEXİ GLAS MALZEMEDEN ÜRETİLMİŞTİR. YEŞİL MERMER GÖRÜNÜM SİYAH MERMER GÖRÜNÜM BEYAZ MERMER GÖRÜNÜM   SİYAH-BEYAZ DÜZ RENKLERİ MEVCUTTUR;LED;VAR ;2700;3780;900,00 TL
PND1655;MERİDIAN SARKIT;20 Q;METAL MERMER VE CAM MALZEMEDEN ÜRETİLMEKTEDİR.;E14;YOK;7100;9940;Bilgi Yok
PND1655-A;MERİDIAN APLİK;12 CM;METAL MERMER VE CAM MALZEMEDEN ÜRETİLMEKTEDİR.;E14;YOK;6000;8400;Bilgi Yok
PND1656;BRACE APLİK;45X15 CM;METAL VE MERMER  MALZEMEDEN ÜRETİLMEKTEDİR.;LED;VAR;5500;7700;2.500,00 TL
PND1656-A;BRACE APLİK;28X6 CM ;METAL VE ONYX MERMER  MALZEMEDEN ÜRETİLMEKTEDİR;LED;VAR;6900;9660;Bilgi Yok
PND1657;BERAN APLİK;33 Q;METAL VE ONYX MERMER  MALZEMEDEN ÜRETİLMEKTEDİR.;LED;VAR;7500;10500;Bilgi Yok
PND1338/1;GEMPA SARKIT;30 CM ;ÜRÜN CAM VE  MERMER MALZEMEDEN OLUŞMAKTADIR. PİRİNÇ KAPLAMA RENK GÖVCE ŞEFFAF VE BUZ BEYEAZ CAM MERMER BEYAZ  RENKTİR;LED;VAR;3800;5320;645,00 TL
PND1338/2;GEMPA SARKIT;60 CM ;ÜRÜN CAM VE  MERMER MALZEMEDEN OLUŞMAKTADIR. PİRİNÇ KAPLAMA RENK GÖVCE ŞEFFAF VE BUZ BEYEAZ CAM MERMER BEYAZ  RENKTİR;LED;VAR ;6500;9100;1.290,00 TL
PND1338/3;GEMPA SARKIT;90 CM ;ÜRÜN CAM VE  MERMER MALZEMEDEN OLUŞMAKTADIR. PİRİNÇ KAPLAMA RENK GÖVCE ŞEFFAF VE BUZ BEYEAZ CAM MERMER BEYAZ  RENKTİR;LED;VAR ;9000;12600;1.935,00 TL
PND1338/4;GEMPA LİNER SARKIT;140 CM ;ÜRÜN CAM VE  MERMER MALZEMEDEN OLUŞMAKTADIR. PİRİNÇ KAPLAMA RENK GÖVCE ŞEFFAF VE BUZ BEYEAZ CAM MERMER BEYAZ  RENKTİR;LED;VAR;11500;16100;2.150,00 TL
PND1663;LEATA SARKIT;Q:20 CM;Ürün plexi ve metal  malzemeden oluşmaktadır.  Pleksi glas; E27;YOK ;3125;4375;1.250,00 TL
PND1663-A;LEATA SARKIT;Q:25 CM;Ürün plexi ve metal  malzemeden oluşmaktadır.  Pleksi glas; E27;YOK ;3750;5250;1.500,00 TL
PND1663-B;LEATA SARKIT;Q:30 CM;Ürün plexi ve metal  malzemeden oluşmaktadır.  Pleksi glas; E27;YOK ;4375;6125;1.750,00 TL
PND1663-D;LEATA  ABAJUR;ÖLÇÜLER 25 Q;Bilgi Yok; E27;YOK ;4250;5950;1.700,00 TL
PND1663-C;LEATA APLİK;15 Q;Ürün metal  ve pleksi glas   malzemeden oluşmaktadır.; E27;YOK ;2750;3850;1.100,00 TL
PND1216-A;PERA  1L  SARKIT ;60X120 CM ;2 FARKLI FORM BULUNMAKTADIR. METAL GÖVDE VE CAM GÖVDE OLARAK 2 SEÇENEKLİDİR. CAM VE METAL MALZEMEDEN OLUŞMAKTADIR.  10 X120 CM ;LED;VAR;4000;5600;2.000,00 TL
PND1216;PERA  1L  SARKIT;60X120 CM ;2 FARKLI FORM BULUNMAKTADIR. METAL GÖVDE VE CAM GÖVDE OLARAK 2 SEÇENEKLİDİR. CAM VE METAL MALZEMEDEN OLUŞMAKTADIR.  10 X120 CM ;LED;VAR;4000;5600;2.000,00 TL
PND1216-2L;PERA  2L  SARKIT; 70 X 120 CM ;METAL GÖVDE VE CAM GÖVDE OLARAK 2 SEÇENEKLİDİR. Watt 2x10w  Kelvin 3000 Renk Antik Materyal Metal Kasa Akrilik Malzeme; samsung SMD Led;VAR;9500;13300;5.500,00 TL
PND1216-3L;PERA  SARKIT  3 L; 77 X 120  CM    ;METAL GÖVDE VE CAM GÖVDE OLARAK 2 SEÇENEKLİDİR.Materyal Metal Kasa Akrilik Malzeme Duy Tipi Samsung SMD Led Watt 3 x 10w Kelvin 3000 PİRİNÇ Antik; samsung SMD Led;var;15500;21700;2.000,00 TL
PND1216-6L;PERA SARKIT  6 L;   105 X180 CM  ;METAL GÖVDE VE CAM GÖVDE OLARAK 2 SEÇENEKLİDİR Materyal Metal Kasa Akrilik Malzeme Duy Tipi Samsung SMD Led Watt 6 x 10w Kelvin 3000 PİRİNÇ Antik; samsung SMD Led;var;29500;41300;Bilgi Yok
PND1222;MEX SARKIT;  Ölçüler  15 cm      120 cm    Kelvin 3000;12 W Materyal Metal Kasa Akrilik Malzeme;DS LED;VAR;3500;4900;1.750,00 TL
PND1222-A;MEX 3 L SARKIT;Ölçüler  40 cm      120 cm   ; Metal Kasa Akrilik Malzeme 72W Lumen 7200 Kelvin 3000 Materyal PİRİNÇ RENK VE SİYAH RENK ALTERNATİFİYLE   ;DS LED;VAR;11500;16100;5.750,00 TL
PND1222-B;MEX APLİK/WALL;ÖLÇÜLER 18 CM  48 CM ;Materyal Metal kasa  SİYAH;LED;var;2800;2650;1.250,00 TL
PND1223;SEZAR SARKIT/PENDANT;70 Q;Metal gövde/Silikon PVC 1x 40W LED PRİNÇ VE PLATİN KAPLAMA RENK ALTERNATİFİYLE;LED;VAR;11000;15400;5.500,00 TL
PND1223-A;SEZAR SARKIT/PENDANT;90 Q;Metal gövde/Silikon PVC 1x 60W LED PRİNÇ VE PLATİN KAPLAMA RENK ALTERNATİFİYLE 3000K;LED;VAR;13000;18200;6.500,00 TL
PND1223-B;SEZAR SARKIT/PENDANT;120X30 ;Metal gövde/Silikon PVC 1x 60W LED PRİNÇ VE PLATİN KAPLAMA RENK ALTERNATİFİYLE 3000 K;LED;VAR;11000;15400;5.500,00 TL
PND1223-D;SEZAR  SARKIT/PENDANT;W:15  L:61  H:12;Metal gövde/Silikon PVC 1x 13 W LED PRİNÇ VE PLATİN KAPLAMA RENK ALTERNATİFİYLE;LED;VAR;3250;4550;1.900,00 TL
PND1223-W;SEZAR  APLİK/WALL;W:15  L:61  H:12;Metal gövde/Silikon PVC 1x 13 W LED PRİNÇ VE PLATİN KAPLAMA RENK ALTERNATİFİYLE;LED;VAR;3400;4760;1.750,00 TL
PND1336;LOFT SARKIT KÜÇÜK/PENDANT;ÖLÇÜLER   20 Q;Alüminyum  malzemeden üretilmiştir.  İstenilen  renk üretilmektedir. ;LED;VAR;4000;6000;2.000,00 TL
PND1336-A;LOFT SARKIT BÜYÜK/PENDANT;ÖLÇÜLER   30 Q;Alüminyum  malzemeden üretilmiştir.  İstenilen  renk üretilmektedir. ;LED;VAR;4500;6750;2.250,00 TL
PND1661;PARİS SARKIT/PENDANT;ÖLÇÜLER   ;ÜRÜN METAL MALZEMEDEN OLUŞMAKTADIR.  ;LED;VAR;3500;4900;1.750,00 TL
PND1314;CIRCLE RING 9 L  SARKIT/PENDANT;ÖLÇÜLER  30 Q 40 Q 50 Q 60 Q 80  Q;Ürün Alüminyum malzemeden üretilmektedir. KAPLAMA RENKLERİ EN FAZLA 80 CM KADAR YAPILMAKTADIR. 80 Q  1 ADET  60 Q 2 ADET 50 Q 2 ADET  40 Q 2 ADET  30 Q 2 ADET  ÜRÜN ÖLÇEKLENDİRİLEBİLİR İSTENİLEN RENKLER ÜRETİLEBİLMEKTEDİR. BOYALI OLARAK ;LED;VAR ;22500;27500;Bilgi Yok
PND1314-A;CIRCLE  RING 6 L  SARKIT/PENDANT;ÖLÇÜLER  30 Q 40 Q 60 Q 80  Q;Ürün Alüminyum malzemeden üretilmektedir. KAPLAMA RENKLERİ EN FAZLA 80 CM KADAR YAPILMAKTADIR. 80 Q  1 ADET  60 Q 2 ADET 40 Q 1 ADET  30 Q 2 ADET  ÜRÜN ÖLÇEKLENDİRİLEBİLİR İSTENİLEN RENKLER ÜRETİLEBİLMEKTEDİR. BOYALI OLARAK ;LED;VAR ;18500;25000;Bilgi Yok
PND131-B;CIRCLE  RING 5 L  SARKIT/PENDANT;120 CM;Ürün Alüminyum malzemeden üretilmektedir. KAPLAMA RENKLERİ EN FAZLA 80 CM KADAR YAPILMAKTADIR. 80 Q  1 ADET  60 Q 2 ADET 40 Q 1 ADET  30 Q 2 ADET  ÜRÜN ÖLÇEKLENDİRİLEBİLİR İSTENİLEN RENKLER ÜRETİLEBİLMEKTEDİR. BOYALI OLARAK ;LED;VAR ;13500;18900;Bilgi Yok
PND1260-W;PERCH APLİK/WALL LAMP;20 X 50 CM ;Akrilik malzemeden üretilmiştir. Süt beyazı renginde altın detaylı  DS LED  3000K ;LED;var;4900;6860;600,00 TL
PND1260-A;PERCH TEKLİ SARKIT/PENDANT;22X135 CM ;Akrilik malzemeden üretilmiştir. Süt beyazı renginde altın detaylı  DS LED  3000K ;LED;var;6500;9100;915,00 TL
PND1260-C;PERCH 3 L SARKIT/PENDANT ;60X135 CM ;Akrilik malzemeden üretilmiştir. Süt beyazı renginde altın detaylı  DS LED  3000K ;LED;var;11000;15400;1.970,00 TL
PND1260-D;PERCH 5 L SARKIT/PENDANT ;90X135 CM ;Akrilik malzemeden üretilmiştir. Süt beyazı renginde altın detaylı  DS LED  3000K ;LED;PND1324;17500;24500;3.020,00 TL
PND1231W; BUTTERFLY APLİK /WALL;ÖLÇÜLER 22X22 ;ÜRÜN METAL VE PLEXİ GLASS MALZEMEDEN ÜRETİLMİŞTİR.  KROM-BAKIR-GOLD RENKLERI MEVCUTTUR;DS LED;VAR;2000;2800;1.000,00 TL
PND1231; BUTTERFLY SARKIT/PENDANT;ÖLÇÜLER 17X24 ;ÜRÜN METAL VE PLEXİ GLASS MALZEMEDEN ÜRETİLMİŞTİR.  KROM-BAKIR-GOLD RENKLERI MEVCUTTUR;DS LED;VAR;2200;3080;1.000,00 TL
PND1231-5; BUTTERFLY 5 SARKIT/PENDANT;ÖLÇÜLER 35X100 ;ÜRÜN METAL VE PLEXİ GLASS MALZEMEDEN ÜRETİLMİŞTİR.  KROM-BAKIR-GOLD RENKLERI MEVCUTTUR;DS LED;VAR;11000;15400;5.000,00 TL
PND1231L; BUTTERFLY SARKIT/PENDANT;ÖLÇÜLER 150X25 ;ÜRÜN METAL VE PLEXİ GLASS MALZEMEDEN ÜRETİLMİŞTİR.  KROM-BAKIR-GOLD RENKLERI MEVCUTTUR;DS LED;VAR;7500;10500;2.000,00 TL
PND1231T; BUTTERFLY  ABAJUR/TABLE;ÖLÇÜLER 18X41 ;ÜRÜN METAL VE PLEXİ GLASS MALZEMEDEN ÜRETİLMİŞTİR.  KROM-BAKIR-GOLD RENKLERI MEVCUTTUR;DS LED;VAR;3900;5460;1.500,00 TL
PND1659;GREGG SARKIT;15Q;CAM MALZEMEDEN ÜRETİLMEKTEDİR.;E27;YOK;2200;3080;165,00 TL
PND1659-A;GREGG SARKIT;23 Q;CAM MALZEMEDEN ÜRETİLMEKTEDİR.;E27;YOK;3800;5320;290,00 TL
PND1659-B;GREGG SARKIT;32 Q;CAM MALZEMEDEN ÜRETİLMEKTEDİR.;E27;YOK;4500;6300;450,00 TL
PND1659-C;GREGG SARKIT;47cm;CAM MALZEMEDEN ÜRETİLMEKTEDİR.;E27;YOK;6500;9100;895,00 TL
PND1274W;ERASMUS APLİK /WALL;Cam ölçüleri 20x15x10 ; Ürün cam ve metal  malzemeden üretilmektedir. İstenilen renk kaplama ve boya yapılabilir.;DS LED -E27 DUY SEÇENEKLERİYLE;var;4800;6720;2.400,00 TL
PND1274;ERASMUS SARKIT /PENDANT;Cam ölçüleri 20x15x10 ; Ürün cam ve metal  malzemeden üretilmektedir. İstenilen renk kaplama ve boya yapılabilir.;DS LED -E27 DUY SEÇENEKLERİYLE;var;4000;5600;2.000,00 TL
PND1274-A;ERASMUS SARKIT /PENDANT;Cam ölçüleri 20x15x10  ; Ürün cam ve metal  malzemeden üretilmektedir. İstenilen renk kaplama ve boya yapılabilir.;DS LED -E27 DUY SEÇENEKLERİYLE;var;4500;6300;2.250,00 TL
PND1274-B;ERASMUS LAMBADER/FLOOR LAMP;Cam ölçüleri 20x15x10  ;Ürün cam ve metal  malzemeden üretilmektedir. İstenilen renk kaplama ve boya yapılabilir.;DS LED -E27 DUY SEÇENEKLERİYLE;var;17500;24500;0,00 TL
PND1269W-1;GLOBO  APLİK/WALL;55X30 CM ;ÜRÜN METAL VE İÇİ DOLU CAM MALZEMEDEN OLUŞMAKTADIR. İSTENİLEN RENK KAPLAMA VE BOYA YAPILA BİLİR.;G9;YOK;6500;9100;8 ADET STOK
PND1269W-2;GLOBO  APLİK/WALL;25X28X35 CM ;ÜRÜN METAL VE İÇİ DOLU CAM MALZEMEDEN OLUŞMAKTADIR. İSTENİLEN RENK KAPLAMA VE BOYA YAPILA BİLİR.;G9;YOK;5000;7000;Bilgi Yok
PND1269W-3;GLOBO  APLİK/WALL;80X26 CM   ;ÜRÜN METAL VE İÇİ DOLU CAM MALZEMEDEN OLUŞMAKTADIR. İSTENİLEN RENK KAPLAMA VE BOYA YAPILA BİLİR.;G9;YOK;11000;15400;Bilgi Yok
PND1269-A/1;GLOBO  SARKIT/PENDANT; 40 CM  ;ÜRÜN METAL VE İÇİ DOLU CAM MALZEMEDEN OLUŞMAKTADIR. İSTENİLEN RENK KAPLAMA VE BOYA YAPILA BİLİR.;E14;YOK;12000;16800;Bilgi Yok
PND1269-A/2;GLOBO  SARKIT/PENDANT; 60 CM ;ÜRÜN METAL VE İÇİ DOLU CAM MALZEMEDEN OLUŞMAKTADIR. İSTENİLEN RENK KAPLAMA VE BOYA YAPILA BİLİR.;E14;YOK;14000;19600;Bilgi Yok
PND1269-A/3;GLOBO  SARKIT/PENDANT;40X90 CM;ÜRÜN METAL VE İÇİ DOLU CAM MALZEMEDEN OLUŞMAKTADIR. İSTENİLEN RENK KAPLAMA VE BOYA YAPILA BİLİR.;E14;YOK;12000;16800;Bilgi Yok
PND1269-B;GLOBO MASA ÜSTÜ  SARKIT/PENDANT;ÖLÇÜLER 100X40 CM ;ÜRÜN METAL VE İÇİ DOLU CAM MALZEMEDEN OLUŞMAKTADIR. İSTENİLEN RENK KAPLAMA VE BOYA YAPILA BİLİR.;G9;YOK;16000;22400;Bilgi Yok
PND1269-C;GLOBO   SARKIT/PENDANT;Q:60;ÜRÜN METAL VE İÇİ DOLU CAM MALZEMEDEN OLUŞMAKTADIR. İSTENİLEN RENK KAPLAMA VE BOYA YAPILA BİLİR.;G9;YOK;22500;31500;Bilgi Yok
PND1269-T;GLOBO ABAJUR/TABLE LAMP;ŞAPKA: 25 Q  YÜKSEKLİK 50 CM ;ÜRÜN METAL VE  İÇİ DOLU  CAM MALZEMEDEN OLUŞMAKTADIR. İSTENİLEN RENK KAPLAMA VE BOYA YAPILA BİLİR. ALT KISIM MERMER DİR.;G9 ;var;8500;11900;Bilgi Yok
PND1269-L;GLOBO ABAJUR/TABLE LAMP;ŞAPKA: 46 Q  YÜKSEKLİK160 CM ;ÜRÜN METAL VE  İÇİ DOLU  CAM MALZEMEDEN OLUŞMAKTADIR. İSTENİLEN RENK KAPLAMA VE BOYA YAPILA BİLİR. ALT KISIM MERMER DİR.;G9 ;YOK ;17500;24500;Bilgi Yok
PND1269;GLOBO DRESUAR;120X90X40 CM;METAL MALZEME VE KRİSTAL CAMDAN ÜRETİLMEKTEDİR.İSTENİLEN RENK KAPLANA BİLİR CAMLARI HERRENK BOYANABİLİR;Bilgi Yok;YOK;30000;42000;Bilgi Yok
PND1258;BOMMA TEKLİ SARKIT;Cam ölçüsü  32x22;Üfleme cam olup istenilen renk boyana bilir. ;E27;var;3800;5320;Bilgi Yok
PND1258-A;BOMMA ABAJUR;"Cam ölçüsü  35x22""";Üfleme cam olup istenilen renk boyana bilir.;E27;VAR;3500;4900;Bilgi Yok
PND1217;BUBBLE LİNER SARKIT/PENDANT;100X20 CM;Ürün dış katı bal-füme-bakır  camdan içi ise buzlu camdan oluşmaktadır cam boyutu 25cm dir..;E14;YOK;14000;19600;Bilgi Yok
PND1596;KRİPTO SARKIT/PENDANT;ÖLÇÜLER 23 X 29;ÜRÜN METAL  MALZEMEDEN ÜRETİLMİŞTİR.  KİSTAL CAM KULLANILMIŞTIR.İSTENİLEN RENK KAPLAMA YAPILIR.;LED;VAR;3500;4900;1.750,00 TL
PND1686;ICEBERG STONE SARKIT/PENDANT;Bilgi Yok;ÜRÜN METAL  MALZEMEDEN ÜRETİLMİŞTİR.  KİSTAL CAM KULLANILMIŞTIR.İSTENİLEN RENK KAPLAMA YAPILIR.;LED;VAR;3000;4200;1.000,00 TL
PND1686-A;ICEBERG STONE SARKIT/PENDANT;Bilgi Yok;ÜRÜN METAL  MALZEMEDEN ÜRETİLMİŞTİR.  KİSTAL CAM KULLANILMIŞTIR.İSTENİLEN RENK KAPLAMA YAPILIR.;LED;VAR;3000;4200;1.000,00 TL
PND1294A;VİKTOR SARKIT/PENDANT  ; 30 Q  RENK: SOMON;ÜRÜN METAL VE  ÜFLEME CAM MALZEMEDEN OLUŞMAKTADIR.;LED;VAR;5850;8190;2.000,00 TL
PND1294B;VİKTOR SARKIT/PENDANT  ; 25 X 50 CM RENK :YEŞİL;ÜRÜN METAL VE  CAM MALZEMEDEN OLUŞMAKTADIR.;LED;VAR ;6350;8890;2.600,00 TL
PND1294C;VİKTOR SARKIT/PENDANT  ; 30 X 46 CM RENK :SİYAH;ÜRÜN METAL VE  CAM MALZEMEDEN OLUŞMAKTADIR.;LED;VAR ;5850;8190;2.000,00 TL
PND1272W;BLUM APLİK/WALL;30 X 40 CM;ÜRÜN METAL VE  POLİRETEN MALZEMEDEN OLUŞMAKTADIR.;LED;VAR ;2250;3150;2.000,00 TL
PND1272-AP;BLUM APLİK/WALL;70 X 30 CM;ÜRÜN METAL VE  POLİRETEN MALZEMEDEN OLUŞMAKTADIR.;LED;VAR ;4900;6860;Bilgi Yok
PND1272-L;BLUM LAMBADER/FLOOR LAMP;30X164 CM;ÜRÜN METAL VE  POLİRETEN MALZEMEDEN OLUŞMAKTADIR.;LED;VAR ;14500;20300;7.250,00 TL
PND1399;KATTY COLOR NEW SARKIT /PENDANT;20 CM;ÜRÜN CAM VE METAL MALZEMEDEN OLUŞMAKTADIR .RESİMDEKİ RENKLER MEVCUTTUR ;E27;YOK;3750;5250;1.500,00 TL
PND1399-A;KATTY COLOR NEW SARKIT /PENDANT;15 CM;ÜRÜN CAM VE METAL MALZEMEDEN OLUŞMAKTADIR .RESİMDEKİ RENKLER MEVCUTTUR ;E27;YOK;3750;5250;1.500,00 TL
PND1399-B;KATTY COLOR NEW SARKIT /PENDANT;20 CM;ÜRÜN CAM VE METAL MALZEMEDEN OLUŞMAKTADIR .RESİMDEKİ RENKLER MEVCUTTUR ;E27;YOK;3750;5250;1.500,00 TL
PND1399-C;KATTY COLOR NEW SARKIT /PENDANT;20 CM;ÜRÜN CAM VE METAL MALZEMEDEN OLUŞMAKTADIR .RESİMDEKİ RENKLER MEVCUTTUR ;E27;YOK;3750;5250;1.500,00 TL
PND1211;KATTY COLOR  SARKIT /PENDANT;Bilgi Yok;ÜRÜN CAM VE METAL MALZEMEDEN OLUŞMAKTADIR .RESİMDEKİ RENKLER MEVCUTTUR ;E27;YOK;3000;4200;Bilgi Yok
PND1211-A;KATTY COLOR  SARKIT /PENDANT;Bilgi Yok;ÜRÜN CAM VE METAL MALZEMEDEN OLUŞMAKTADIR .RESİMDEKİ RENKLER MEVCUTTUR ;E27;YOK;3000;4200;Bilgi Yok
PND1211-B;KATTY COLOR  SARKIT /PENDANT;Bilgi Yok;ÜRÜN CAM VE METAL MALZEMEDEN OLUŞMAKTADIR .RESİMDEKİ RENKLER MEVCUTTUR ;E27;YOK;3000;4200;Bilgi Yok
PND1237;KATTY COLOR SEHPA renk alternatifli;ÇAP :50 UZUNLUK:53 CM ;ÜRÜN CAM VE ALUMİNYUM  MALZEMEDEN OLUŞMAKTADIR .İSTENİLEN RENK ÜRETİLE BİLİR.;Bilgi Yok;Bilgi Yok;12500;17500;Bilgi Yok
PND1237-A;KATTY COLOR ORTA SEHPA  renk alternatifli ;75 X35 CM ;Bilgi Yok;Bilgi Yok;Bilgi Yok;17500;24500;Bilgi Yok
PND1677;PLASS SARKIT SMALL TEKLİ/PENDANT;30X20 CM ;ÜRÜN ÜFLEME CAM OLUP,İSTENİLEN RENK BOYANMAKTADIR.;E27 ;YOK;2450;3430;Bilgi Yok
PND1677-A;PLASS SARKIT MEDIUM TEKLİ/PENDANT;25X45 CM;ÜRÜN ÜFLEME CAM OLUP,İSTENİLEN RENK BOYANMAKTADIR.;E27 ;YOK;3750;5250;Bilgi Yok
PND1273-A;DREAM GLAS SARKIT/PENDANT;15X 100 CM ;ÜRÜN ÜFLEME CAM OLUP,İSTENİLEN RENK BOYANMAKTADIR.;G4;YOK;920;1288;160,00 TL
PND1273-B;DREAM GLAS SARKIT/PENDANT;20 X 100 CM ;ÜRÜN ÜFLEME CAM OLUP,İSTENİLEN RENK BOYANMAKTADIR.;G4;YOK;1750;2450;450,00 TL
PND1273-C;DREAM GLAS SARKIT/PENDANT;25 X 100 CM ;ÜRÜN ÜFLEME CAM OLUP,İSTENİLEN RENK BOYANMAKTADIR.;G4;YOK;2750;3850;700,00 TL
PND1273-D;DREAM GLAS SARKIT/PENDANT;30 X 100 CM ;ÜRÜN ÜFLEME CAM OLUP,İSTENİLEN RENK BOYANMAKTADIR.;G4;YOK;3500;4900;900 cam
PND1273-E;DREAM GLAS 5 L SARKIT/PENDANT;40X100 CM;15 Q 3 ADET 18 Q 2 ADET   ÜRÜN ÜFLEME CAM VE METAL MALZEMEDEN OLUŞMAKTADIR.İSTENİLEN RENK BOYANABİLİR;G4;YOK;6900;9660;Bilgi Yok
PND1273-F;DREAM GLAS 6 L SARKIT/PENDANT;55X90 CM ;ÜRÜN ÜFLEME CAM VE METAL MALZEMEDEN OLUŞMAKTADIR.İSTENİLEN RENK BOYANABİLİR;G4;YOK;8900;12500;Bilgi Yok
PND1273-G;DREAM GLAS 10 L SARKIT/PENDANT;160X70 CM;ÜRÜN ÜFLEME CAM VE METAL MALZEMEDEN OLUŞMAKTADIR.İSTENİLEN RENK BOYANABİLİR;G4;YOK;12500;17500;Bilgi Yok
PND1273-H;DREAM GLAS APLİK/WALL;35X15CM;ÜRÜN ÜFLEME CAM VE METAL MALZEMEDEN OLUŞMAKTADIR.İSTENİLEN RENK BOYANABİLİR;G4;YOK;1250;1750;Bilgi Yok
PND1273-I;DREAM GLAS APLİK/WALL;15X73 CM ;ÜRÜN ÜFLEME CAM VE METAL MALZEMEDEN OLUŞMAKTADIR.İSTENİLEN RENK BOYANABİLİR;G4;YOK;1875;2625;Bilgi Yok
PND1273-K;DREAM GLAS APLİK/WALL;15X30 CM;ÜRÜN ÜFLEME CAM VE METAL MALZEMEDEN OLUŞMAKTADIR.İSTENİLEN RENK BOYANABİLİR;G4;YOK;1850;2590;Bilgi Yok
PND1273-L;DREAM GLAS APLİK/WALL;15X40 CM;ÜRÜN ÜFLEME CAM VE METAL MALZEMEDEN OLUŞMAKTADIR.İSTENİLEN RENK BOYANABİLİR;G4;YOK;2800;3920;Bilgi Yok
PND1273-M;DREAM GLAS  SARKIT/PENDANT;70 X115 CM; ÜFLEME CAM VE METAL MALZEMEDEN OLUŞMAKTADIR.İSTENİLEN RENK BOYANABİLİR;G4;YOK;10500;14700;4.750,00 TL
PND1676;ANGELA MASA LAMBASI/TABLE LAMP ;24X43 CM;ÜRÜN METAL VE CAM MALZEMEDEN ÜRETİLMİŞTİR.   İSTENİLEN RENK KAPLAMA YAPILIR.;E27;YOK;4200;4750;1000 CAM 
PND1676-B;ANGELA SARKIT/PENDANT;24X150 CM ;ÜRÜN METAL VE CAM MALZEMEDEN ÜRETİLMİŞTİR.   İSTENİLEN RENK KAPLAMA YAPILIR.;E27;YOK;3200;4480;1000 CAM 
PND1257-W;MODO APLİK/WALL;10 X13X48 CM ;METAL VE CAM MALZEME  OLUŞMAKTADIR. İSTENİLEN RENK KAPLAMA VE BOYA YAPILABİLİR 2 ADET 15 Q CAM KULLANILMAKTADIR;E14;YOK;1400;1960;Bilgi Yok
PND1763-A;MAY SARKIT;25 Q;METAL MALZEMEDEN OLUŞMAKTADIR. PLATİN VE ALTIN RENKLERİ MEVCUT ;LED;VAR;3140;4396;1.570,00 TL
PND1763-B;MAY SARKIT;25 Q;METAL MALZEMEDEN OLUŞMAKTADIR. PEMBE MAVİ YEŞİL  RENKLERİ MEVCUT  ÜRÜN DİMLİDİR;LED;VAR;3460;4844;1.730,00 TL
PND1257;MODO SARKIT/PENDANT;100X50 CM ;METAL VE CAM MALZEME  OLUŞMAKTADIR. İSTENİLEN RENK KAPLAMA VE BOYA YAPILABİLİR 10 ADET 15 Q CAM KULLANILMAKTADIR;E14X10;YOK;10000;15000;Bilgi Yok
PND1257-A;MODO ARMATÜR/PENDANT;40X50 CM ;METAL VE CAM MALZEME  OLUŞMAKTADIR. İSTENİLEN RENK KAPLAMA VE BOYA YAPILABİLİR 5 ADET 15 Q CAM KULLANILMAKTADIR;E14X5;YOK ;2900;4060;Bilgi Yok
PND1337;GENZA APLİK;50X15 CM ; CAM VE METAL MALZEMEDEN ÜRETİLMEKTEDİR. BAKIR , KROM, ALTIN  KAPLAMA RENKLERİ YAPILABİLİP,İSTENİLEN RAL KODLARINA GÖRE ÜRETİLMEKTEDİR.;E14 ;YOK;1125;1575;Bilgi Yok
PND1337-A;GENZA SARKIT;GÖVDE ÇAP 80 CM CAM DAHİL 74  Q; CAM VE METAL MALZEMEDEN ÜRETİLMEKTEDİR. BAKIR , KROM, ALTIN ESKİTME KAPLAMA RENKLERİ YAPILABİLİR. 17 ADET CAM KULLANILMIŞTIR.;E14 ;YOK;7900;11060;Bilgi Yok
PND1654;EDİE APLİK/WALL;Yükseklik: 14 cm Genişlik: 6 cm  ;METAL VE CAM MALZEMEDEN ÜRETİLMEKTEDİR.;E14;YOK;2800;3920;1.900,00 TL
PND1244;EQUNINOX AVİZE ;54 X 72 CM ; CAM VE METAL MALZEMEDEN ÜRETİLMEKTEDİR. BELLİ BİR ÖLÇÜYE KADAR BAKIR , KROM, ALTIN  KAPLAMA RENKLERİ YAPILABİLİP,İSTENİLEN RAL KODLARINA GÖRE ÜRETİLMEKTEDİR.;G4 LED;YOK;21000;29500;Bilgi Yok
PND1244-A;EQUNINOX AVİZE ;155X70 CM ; CAM VE METAL MALZEMEDEN ÜRETİLMEKTEDİR. BELLİ BİR ÖLÇÜYE KADAR BAKIR , KROM, ALTIN  KAPLAMA RENKLERİ YAPILABİLİP,İSTENİLEN RAL KODLARINA GÖRE ÜRETİLMEKTEDİR.;G4 LED;YOK;26000;37500;Bilgi Yok
PND1245;EQUNINOX AVİZE ;160 CM; CAM VE METAL MALZEMEDEN ÜRETİLMEKTEDİR. BELLİ BİR ÖLÇÜYE KADAR BAKIR , KROM, ALTIN  KAPLAMA RENKLERİ YAPILABİLİP,İSTENİLEN RAL KODLARINA GÖRE ÜRETİLMEKTEDİR.;G4 LED;YOK;32000;45000;Bilgi Yok
PND1245-A;EQUNINOX AVİZE ;80X90 CM ; CAM VE METAL MALZEMEDEN ÜRETİLMEKTEDİR. BELLİ BİR ÖLÇÜYE KADAR BAKIR , KROM, ALTIN  KAPLAMA RENKLERİ YAPILABİLİP,İSTENİLEN RAL KODLARINA GÖRE ÜRETİLMEKTEDİR.;G4 LED;YOK;12500;17500;Bilgi Yok
PND1245-B;EQUNINOX AVİZE ;210X55 CM ; CAM VE METAL MALZEMEDEN ÜRETİLMEKTEDİR. BELLİ BİR ÖLÇÜYE KADAR BAKIR , KROM, ALTIN  KAPLAMA RENKLERİ YAPILABİLİP,İSTENİLEN RAL KODLARINA GÖRE ÜRETİLMEKTEDİR.;G4 LED;YOK;28500;39900;Bilgi Yok
PND1245-C;EQUNINOX MASA LAMBASI/ TABLE LAMP ;35 CM; CAM VE METAL MALZEMEDEN ÜRETİLMEKTEDİR. BELLİ BİR ÖLÇÜYE KADAR BAKIR , KROM, ALTIN  KAPLAMA RENKLERİ YAPILABİLİP,İSTENİLEN RAL KODLARINA GÖRE ÜRETİLMEKTEDİR.;G4 LED;YOK;5800;8120;Bilgi Yok
PND1248;KARO APLİK/WALL;32X45 CM ;PASLANMAZ MALZEME ÜZERİ KUMAŞ ŞAPKA KULLANILMIŞTIR. ;E27X1;YOK;4800;6800;Bilgi Yok
PND1240-W;CUARDO APLİK/WALL;30X42 CM ;METAL MALZEME ÜZERİ KUMAŞ ŞAPKA KULLANILMIŞTIR. ;E27X1;YOK;3500;4900;Bilgi Yok
PND1240-M2;CUARDO MASA LAMBASI/TABEL LAMP;Bilgi Yok;METAL MALZEME ÜZERİ KUMAŞ ŞAPKA KULLANILMIŞTIR. ;E27X1;YOK;5500;7700;Bilgi Yok
PND1240-M;CUARDO MASA LAMBASI/TABEL LAMP;Bilgi Yok;METAL MALZEME ÜZERİ KUMAŞ ŞAPKA KULLANILMIŞTIR. ;E27X1;YOK;3900;5460;Bilgi Yok
PND1255;MODO APLİK NEW /WALL;30X23 CM ;METAL VE CAM MALZEME  OLUŞMAKTADIR. İSTENİLEN RENK KAPLAMA VE BOYA YAPILABİLİR;E14X1;YOK;1250;1750;Bilgi Yok
PND1678;DAİRE MERMER APLİK/WALL;DERİNLİK 7CM  MERMER Q 20 CM METAL DAHİL BİTMİŞ 23 CM;METAL VE MERMER MALZEME  OLUŞMAKTADIR. İSTENİLEN RENK KAPLAMA VE BOYA YAPILABİLİR ;LED;VAR;2500;3500;1.250,00 TL
PND1682;MUSSEL SARKIT 10L;60X120 CM ;MERMER GÖRÜNÜMLÜ CAM VE METAL MALZEMEDEN OLUŞMAKTADIR. ;E14;YOK;19000;26600;7.225,00 TL
PND1682-A;MUSSEL SARKIT APLİK/WALL;20 CM;MERMER GÖRÜNÜMLÜ CAM VE METAL MALZEMEDEN OLUŞMAKTADIR. ;E14;YOK;2250;3150;800,00 TL
PND1683;FELIX 7 L;60X120 CM ;MERMER GÖRÜNÜMLÜ CAM VE METAL MALZEMEDEN OLUŞMAKTADIR. ;E14;YOK;9600;15500;4.800,00 TL
PND1684;EMILY 5 L ;60X120 CM ;MERMER GÖRÜNÜMLÜ CAM VE METAL MALZEMEDEN OLUŞMAKTADIR. ;E14;YOK;13500;18900;6.750,00 TL
PND1684-A;EMILY 6 L LİNER;100X100 CM;MERMER GÖRÜNÜMLÜ CAM VE METAL MALZEMEDEN OLUŞMAKTADIR. ;E14;YOK;16200;22680;8.100,00 TL
PND1430;GREEN BALL SARKIT/PENDANT;20 Q;CAM VE METAL MALZEMEDEN OLUŞMAKTADIR.TEKLİ OLARAK SATILMAKTADIR İSKENİLİRSE SAKSI OLARAKTA HAZIRLANMAKTADIR;E27;YOK;3000;4200;#DEĞER!
PND1430-W1;GREEN BALL APLİK/WALL;18X35CM;CAM VE METAL MALZEMEDEN OLUŞMAKTADIR;E27;YOK;2200;3080;Bilgi Yok
PND1430-W2;GREEN BALL APLİK/WALL;20X75CM;CAM VE METAL MALZEMEDEN OLUŞMAKTADIR.1 SIRA GLOB CAM ALT KISMI SAKSI OLARAK ÜRETİLMEKTEDİR;E27;YOK;3900;5460;Bilgi Yok
PND1430-W3;GREEN BALL APLİK/WALL;20X75CM;CAM VE METAL MALZEMEDEN OLUŞMAKTADIR.2 ADET GLOB CAMDAN OLUŞMAKTADIR.;E27;YOK;3900;5460;Bilgi Yok
PND1436-A;CBC AVİZE/CHANDELIER;122X83;Bilgi Yok;G9;YOK;15000;21000;Bilgi Yok
PND1436-B;CBC AVİZE/CHANDELIER;119 Q;METAL VE GLOB CAM MALZEMEDEN ÜRETİLMİŞTİR İSTENİLEN RENK BOYA VE KAPLAMA YAPILMAKTADIR.;G9;YOK;17500;24500;Bilgi Yok
PND1754-A;TRAVERTER APLİK ;D14XH38 CM ;TRAVERTER MERMER VE GLOB CAM MALZEMEDEN ÜRETİLMİŞTİR.;G9 LED;YOK;3250;4550;1.245,00 TL
PND1754-B;TRAVERTER APLİK ;10*48 CM;TRAVERTER MERMER VE GLOB CAM MALZEMEDEN ÜRETİLMİŞTİR.;G9 LED;YOK;3750;5250;1.450,00 TL
PND1754-C;TRAVERTER APLİK ;D:30 CM ;TRAVERTER MERMER VE GLOB CAM MALZEMEDEN ÜRETİLMİŞTİR.;G9 LED;YOK;3500;4900;1.375,00 TL
PND1754-D;TRAVERTER APLİK ;D60XH16 CM;TRAVERTER MERMER VE GLOB CAM MALZEMEDEN ÜRETİLMİŞTİR.;GU10;YOK;2800;3920;1.120,00 TL
PND1754-E;TRAVERTER APLİK ;D45XH60 CM;TRAVERTER MERMER VE GLOB CAM MALZEMEDEN ÜRETİLMİŞTİR.;G9;YOK;4425;6195;1.770,00 TL
PND1755-A;TRAVERTER SARKIT ;D16 X H13 CM;TRAVERTER MERMER VE GLOB CAM MALZEMEDEN ÜRETİLMİŞTİR.;E14;YOK;3425;4795;1.370,00 TL
PND1755-B;TRAVERTER SARKIT ;D16 X H13 CM;TRAVERTER MERMER VE GLOB CAM MALZEMEDEN ÜRETİLMİŞTİR.;G9 LED;YOK;3425;4795;1.370,00 TL
PND1755-C;TRAVERTER SARKIT ;D16 X H13 CM;TRAVERTER MERMER VE GLOB CAM MALZEMEDEN ÜRETİLMİŞTİR.;GU10;YOK;3425;4795;1.370,00 TL
PND1755-D;TRAVERTER SARKIT ;D:13 CM ;TRAVERTER MERMER VE GLOB CAM MALZEMEDEN ÜRETİLMİŞTİR.;LED;YOK;5125;7175;2.050,00 TL
PND1755-E;TRAVERTER SARKIT ;D25X H32 CM ;TRAVERTER MERMER VE GLOB CAM MALZEMEDEN ÜRETİLMİŞTİR.;G9 LED;YOK;4750;6650;1.900,00 TL
PND1756;ELLY MERMER SARKIT;80 Q;ONYX MERMER VE METAL MALZEMEDEN OLUŞMAKTADIR. ;E14;YOK;57150;80010;28.575,00 TL
PND1757-A;RASHEL MERMER SARKIT ;60 Q;ONYX MERMER VE METAL MALZEMEDEN OLUŞMAKTADIR. ;E14;YOK;25000;35000;12.490,00 TL
PND1757-B;RASHEL MERMER SARKIT ;42X 100 CM;ONYX MERMER VE METAL MALZEMEDEN OLUŞMAKTADIR. ;E14;YOK;22000;30800;10.800,00 TL
PND1758;AGATHA  SARKIT;30 X 52 CM ;ÖZEL TAŞ FORM SARKIT  KİREMİT ,KREM VE SİYAH RENKLERİ MEVCUTTUR. DUY TİPİ E 27 DİR;E27;YOK;4870;6818;2.435,00 TL
PND1759-A;KNIT ARMATÜR;ÇAP 50 YÜKSEKLİK  200 cm;AKRİLİK MALZEMEDEN ÜRETİLMİŞTİR.TEK RENKTİR;E27;YOK;11500;16000;5.570,00 TL
PND1759-B;KNIT SARKIT;ÇAP 35  YÜKSEKLİK  200 cm;AKRİLİK MALZEMEDEN ÜRETİLMİŞTİR.TEK RENKTİR;E27;YOK;11000;15400;5.175,00 TL
PND1759-C;KNIT SARKIT;ÇAP 45  YÜKSEKLİK  200 cm;AKRİLİK MALZEMEDEN ÜRETİLMİŞTİR.TEK RENKTİR;E27;YOK;11500;16100;5.715,00 TL
PND1760;PLASS NEW SARKIT;Bilgi Yok;CAM VE METAL MALZEMEDEN OLUŞMAKTADIR.BAL FÜME VE ŞEFFAF RENKLERİ MEVCUTTUR;E14;YOK ;5500;7700;2.750,00 TL
PND1761;CHAMS AVİZE YUVARLAK FORM;8L;METAL VE CAM MALZEMEDEN ÜRETİLMİŞTİR.FÜME VE BAKIR RENKTİR;E14;YOK ;13700;19180;6.850,00 TL
PND1761-A;CHAMS AVİZE LİNER FORM ;8L;METAL VE CAM MALZEMEDEN ÜRETİLMİŞTİR.FÜME VE BAKIR RENKTİR;E14;YOK ;13700;19180;6.850,00 TL
PND1763;FİLE SARKIT ;Bilgi Yok;Bilgi Yok;E14;VAR;6000;8400;3.000,00 TL
PND1264;PUL APLİK/WALL;30 Q;METAL MALZEME LAZER KESİM UYGULANMAKTADIR. İSTENİLEN RENK KAPLANA BİLİNİR;G9;VAR;3250;4550;Bilgi Yok
PND1264-A;PUL AVİZE/CHANDEIER;40 Q;METAL MALZEME LAZER KESİM UYGULANMAKTADIR. İSTENİLEN RENK KAPLANA BİLİNİR;G9;VAR;3900;5460;Bilgi Yok
PND1264-B;PUL AVİZE 5 L /CHANDEIER;100X35;METAL MALZEME LAZER KESİM UYGULANMAKTADIR. İSTENİLEN RENK KAPLANA BİLİNİR;G9;YOK;19500;27300;Bilgi Yok
PND1264-T;PUL ABAJUR/TABLELAMP;45X50 CM;METAL MALZEME LAZER KESİM UYGULANMAKTADIR. İSTENİLEN RENK KAPLANA BİLİNİR;G9;YOK;4900;6860;Bilgi Yok
PND1280;KATE  APLİK/WALL;Bilgi Yok;ÜRÜN METAL VE DOĞAL QUARTZ MALZEMEDEN ÜRETİLMİŞTİR.   İSTENİLEN RENK KAPLAMA YAPILIR.;LED;VAR ;8500;11900;TEŞHİR DAHİL 3 ADET STOK
PND1298;QUARTZ TAŞLI ARMATÜR;Q: 50 CM  H: 38 CM  ;GERÇEK QUARTZ TAŞI KULLANILMIŞTIR. MEKAN AKSANLAR İSTENİLEN RENK ÜRETİLMEKTEDİR.;LED;VAR ;37500;52500;Bilgi Yok
PND1280-V2;QUARTZ AVİZE ;Q: 52 CM  L: 9 CM  ;GERÇEK QUARTZ TAŞI KULLANILMIŞTIR. MEKAN AKSANLAR İSTENİLEN RENK ÜRETİLMEKTEDİR.;LED;VAR ;45000;63000;Bilgi Yok
PND1280-A;QUARTZ SARKIT/PENDANT ;H:50 CM  Q: 14 CM ;GERÇEK QUARTZ TAŞI KULLANILMIŞTIR. MEKAN AKSANLAR İSTENİLEN RENK ÜRETİLMEKTEDİR. IŞIK RENGİ 3000K ,4000K,6500K ;LED; VAR ;12500;17500;Bilgi Yok
PND1280-B;QUARTZ SARKIT/PENDANT ;H:120 CM  Q: 12,5 CM ;GERÇEK QUARTZ TAŞI KULLANILMIŞTIR. MEKAN AKSANLAR İSTENİLEN RENK ÜRETİLMEKTEDİR. IŞIK RENGİ 3000K ,4000K,6500K ;LED; VAR ;27000;37800;27.000,00 TL
PND1280-C;QUARTZ YUVARLAK FORM SARKIT/PENDANT ;60 Q;GERÇEK QUARTZ TAŞI KULLANILMIŞTIR. MEKAN AKSANLAR İSTENİLEN RENK ÜRETİLMEKTEDİR. IŞIK RENGİ 3000K ,4000K,6500K ;LED;VAR ;33000;46200;Bilgi Yok
PND1280-D;QUARTZ YUVARLAK FORM SARKIT/PENDANT ;80 Q;GERÇEK QUARTZ TAŞI KULLANILMIŞTIR. MEKAN AKSANLAR İSTENİLEN RENK ÜRETİLMEKTEDİR. IŞIK RENGİ 3000K ,4000K,6500K ;LED;VAR ;48000;67200;Bilgi Yok
PND1280-E;QUARTZ YUVARLAK FORM SARKIT/PENDANT ;100 Q;GERÇEK QUARTZ TAŞI KULLANILMIŞTIR. MEKAN AKSANLAR İSTENİLEN RENK ÜRETİLMEKTEDİR. IŞIK RENGİ 3000K ,4000K,6500K ;LED;VAR ;65000;91000;Bilgi Yok
PND1280-W;QUARTZ APLİK/WALL;H:14 CM  L: 46 CM ;GERÇEK QUARTZ TAŞI KULLANILMIŞTIR. MEKAN AKSANLAR İSTENİLEN RENK ÜRETİLMEKTEDİR. IŞIK RENGİ 3000K ,4000K,6500K ;LED; VAR ;11500;16100;Bilgi Yok
PND1280-F;QUARTZ RING SARKIT/PENDANT ;90 cm  iç  çember 82 cm ;GERÇEK QUARTZ TAŞI KULLANILMIŞTIR. MEKAN AKSANLAR İSTENİLEN RENK ÜRETİLMEKTEDİR.;LED; VAR ;40000;56000;Bilgi Yok
PND1280-G;QUARTZ RING SARKIT/PENDANT ;75 cm  iç çember 66 cm ;GERÇEK QUARTZ TAŞI KULLANILMIŞTIR. MEKAN AKSANLAR İSTENİLEN RENK ÜRETİLMEKTEDİR.;LED; VAR ;30000;42000;Bilgi Yok
PND1280-H;QUARTZ RING SARKIT/PENDANT ;55 cm  iç çember 46 cm ;GERÇEK QUARTZ TAŞI KULLANILMIŞTIR. MEKAN AKSANLAR İSTENİLEN RENK ÜRETİLMEKTEDİR.;LED; VAR ;25000;35000;Bilgi Yok
PND1280-I;QUARTZ RING SARKIT/PENDANT ;35 cm iç çember 27 cm;GERÇEK QUARTZ TAŞI KULLANILMIŞTIR. MEKAN AKSANLAR İSTENİLEN RENK ÜRETİLMEKTEDİR.;LED; VAR ;15000;21000;Bilgi Yok
PND1239;DOĞAL TAŞLI APLİK/WALL;38X18 CM ;ÜRÜN METAL VE DOĞAL QUARTZ MALZEMEDEN ÜRETİLMİŞTİR.   İSTENİLEN RENK KAPLAMA YAPILIR.;G9 ;YOK;4800;6720;Bilgi Yok
PND1669;FRANK APLİK/ WALL ;ÖLÇÜLER  55 X 35 CM ;METAL VE CAM  malzemeden üretilmiştir.  İstenilen  renk üretilmektedir. ;E14;YOK;8500;11900;1.000,00 TL
PND1687-AP;ITALO APLİK/ WALL;50 Q;Metal malzeme ve kristal taş  malzemeden oluşmaktadır.;E14;YOK;4600;6440;Bilgi Yok
PND1687-A;ITALO AVİZE/ CHANDELIER;40X25 CM ;Metal malzeme ve kristal taş  malzemeden oluşmaktadır.;E14;YOK;12300;17220;4.100,00 TL
PND1687-B;ITALO AVİZE/ CHANDELIER;80X33 CM ;Metal malzeme ve kristal taş  malzemeden oluşmaktadır.;E14;YOK;34170;47838;11.390,00 TL
PND1687-C;ITALO AVİZE/ CHANDELIER;100X48 CM ;Metal malzeme ve kristal taş  malzemeden oluşmaktadır.;E14;YOK;52500;73500;17.500,00 TL
PND1413;PALMİYE AVİZE ;90X60 cm;Pirinç malzeme ve kristal taş  malzemeden oluşmaktadır.;E14;YOK;52500;73500;25.000,00 TL
PND1413-2;PALMİYE 2 KATLI  AVİZE;80X90 CM ;Pirinç malzeme ve kristal taş  malzemeden oluşmaktadır.;E14;YOK;90000;125000;45.000,00 TL
PND1413-W;PALMİYE APLIK/WALL;Q 50 H 20  derinlik 35;Pirinç malzeme ve kristal taş  malzemeden oluşmaktadır.;E14;YOK;28500;39900;15.000,00 TL
PND1419;ALLURE AVİZE/CHANDELIER;220X70X20 CM;METAL VE CAM MALZEMEDEN OLUŞMAKTADIR.;LED;VAR;39500;55300;Bilgi Yok
PND1406;FLORAL AVİZE/CHANDELIER;75X25 CM;METAL VE CAM MALZEMEDEN OLUŞMAKTADIR.;G4;YOK;9500;13300;Bilgi Yok
PND1406-A;FLORAL AVİZE/CHANDELIER;60 Q;METAL VE CAM MALZEMEDEN OLUŞMAKTADIR.;G4;YOK;19500;27300;Bilgi Yok
PND1406-B;FLORAL AVİZE/CHANDELIER;65 X 80 CM ;METAL VE CAM MALZEMEDEN OLUŞMAKTADIR.;G4;YOK;27500;38500;Bilgi Yok
PND1408-C;DROPS AVİZE/CHANDELIER;100X80 CM;METAL VE KRİSTAL TAŞ KULLANILMIŞTIR. İSTENİLEN RENK BOYA YAPILABİLİR;G9;YOK;18500;25900;Bilgi Yok
PND1418-D;BIRD AVİZE/CHANDELIER;100X40 CM ;METAL VE CAM MALZEMEDEN OLUŞMAKTADIR.;G9;YOK;17500;24500;Bilgi Yok
PND1619;GILT AVİZE/CHANDELIER;80X90 CM ;METAL VE KUMAŞ MALZEMEDEN OLUŞMAKTADIR.;E14;YOK;7500;10500;Bilgi Yok
PND1424;TULIP SARKIT/PENDANT;50X130 CM;METAL VE PORSELEN CAM  MALZEMEDEN OLUŞMAKTADIR.;SPOT LED;YOK;27500;38500;Bilgi Yok
PND1346-W;CRACK APLİK/WALL;40X25 CM;PASLANMAZ  VE PORSELEN CAM  MALZEMEDEN OLUŞMAKTADIR.;E14;YOK;3800;5320;Bilgi Yok
PND1346;CRACK SARKIT/PENDANT;50X25 CM;PASLANMAZ  VE PORSELEN CAM  MALZEMEDEN OLUŞMAKTADIR.;E14;YOK;11000;15400;Bilgi Yok
PND1705-W;MARINAL APLİK/ WALL;24 X 40 X10 ;METAL MALZEME VE KRİSTAL CAM MALZEMEDEN OLUŞMAKTADIR ÜRÜNDE 7 ADET CAM KULLANILMIŞTIR.İSTENİLEN RENK KAPLAMA YAPILMAKTADIR.;E14;VAR;4650;6520;15.000,00 TL
PND1701;YENILAY AVİZE/CHANDELIER;Q:65 CM H:100 CM ;ÜRÜN CAM METAL VE PASLANMAZ MALZEMEDEN ÜRETİLMEKTEDİR.TESİSAT ALTIN RENGİ, CAMLAR ŞEFFAFTIR ;E14;YOK;23963;33548;7.987,50 TL
PND1701-B;YENILAY AVİZE/CHANDELIER;L:100CM W:35CM H:100CM;ÜRÜN CAM METAL VE PASLANMAZ MALZEMEDEN ÜRETİLMEKTEDİR.TESİSAT ALTIN RENGİ, CAMLAR ŞEFFAFTIR ;E14;YOK;16200;22680;5.400,00 TL
PND1705;MARIYAL YUVARLAK FORM AVİZE/CHANDELIER;Q: 80 ;METAL MALZEME VE KRİSTAL CAM MALZEMEDEN OLUŞMAKTADIR ÜRÜNDE 7 ADET CAM KULLANILMIŞTIR.İSTENİLEN RENK KAPLAMA YAPILMAKTADIR.;E14;YOK;25000;32000;15.000,00 TL
PND1705-B;MARIYAL LİNER FORM AVİZE/CHANDELIER;95 X 30 cm ;METAL MALZEME VE KRİSTAL CAM MALZEMEDEN OLUŞMAKTADIR ÜRÜNDE 7 ADET CAM KULLANILMIŞTIR.İSTENİLEN RENK KAPLAMA YAPILMAKTADIR.;E14;YOK;25000;32500;15.000,00 TL
PND1705-C;MARIYAL YUVARLAK İKİ KATLI FORM AVİZE/CHANDELIER;60 X 40 cm ;METAL MALZEME VE KRİSTAL CAM MALZEMEDEN OLUŞMAKTADIR ÜRÜNDE CAM KULLANILMIŞTIR.İSTENİLEN RENK KAPLAMA YAPILMAKTADIR.;E14;YOK;35000;45000;15.000,00 TL
PND1364-W;ARCACHO APLİK/WALL;22X9 CM ;METAL VE CAM MALZEMEDEN ÜRETİLMEKTEDİR ESKİTME,BAKIR,KROM,ALTIN RENK SEÇENEKLERİ MEVCUT  ;G9;YOK;2200;3080;Bilgi Yok
PND1364-W2;ARCACHO 3L APLİK/WALL;26X22X9 CM ;METAL VE CAM MALZEMEDEN ÜRETİLMEKTEDİR ESKİTME,BAKIR,KROM,ALTIN RENK SEÇENEKLERİ MEVCUT  ;G9;YOK;6600;9240;Bilgi Yok
PND1364;ARCACHO AVİZE/CHANDELIER;80X21 CM ;METAL VE CAM MALZEMEDEN ÜRETİLMEKTEDİR ESKİTME,BAKIR,KROM,ALTIN RENK SEÇENEKLERİ MEVCUT  ;G9;YOK;37500;52500;Bilgi Yok
PND1364-A;ARCACHO AVİZE/CHANDELIER;110;METAL VE CAM MALZEMEDEN ÜRETİLMEKTEDİR ESKİTME,BAKIR,KROM,ALTIN RENK SEÇENEKLERİ MEVCUT  ;G9;YOK;51500;72100;Bilgi Yok
PND1364-B;ARCACHO AVİZE/CHANDELI+C124;120X30 CM ;METAL VE CAM MALZEMEDEN ÜRETİLMEKTEDİR ESKİTME,BAKIR,KROM,ALTIN RENK SEÇENEKLERİ MEVCUT  ;G9;YOK;42500;59500;Bilgi Yok
PND1364-II;ARCACHO 2 KATLI  AVİZE/CHANDELIER;150X105 CM ;METAL VE CAM MALZEMEDEN ÜRETİLMEKTEDİR ESKİTME,BAKIR,KROM,ALTIN RENK SEÇENEKLERİ MEVCUT  ;G9;YOK;87500;122500;Bilgi Yok
PND1281-I;CHAIN SARKIT 2 L /PENDANT;85X30 CM;METAL MALZEMEDEN ÜRETİLMİŞTİR. İSTENİLEN RENK BOYA VE KAPLAMA YAPILMAKTADIR.;LED;YOK;37500;52500;Bilgi Yok
PND1281-II;CHAIN SARKIT 3 L /PENDANT;125X30x5 CM;METAL MALZEMEDEN ÜRETİLMİŞTİR. İSTENİLEN RENK BOYA VE KAPLAMA YAPILMAKTADIR.;LED;YOK;56500;79100;Bilgi Yok
PND1347-W;KRİSTAL APLİK/WALL;55X15 CM;ÜRÜN METAL VE BONCUK MALZEMEDEN ÜRETİLMİŞTİR.  KUMAŞ ŞAPKA KULLANILMIŞTIR İSTENİLEN RENK KAPLAMA YAPILIR.;E14;YOK;5500;7700;Bilgi Yok
PND1326-L;KRİSTAL AVİZE LİNER/CHANDELIER;110X50 CM ;METAL KASNAK ÜZERİNE BONCUK TAŞLARDAN OLUŞMAKTADIR. BAKIR,KROM,ALTIN,ESKİTME,SİYAH BOYA RENKLERİ MEVCUTTUR;G9 LED;YOK;19000;26600;Bilgi Yok
PND1326;KRİSTAL AVİZE /CHANDELIER;Q:50 CM ;METAL KASNAK ÜZERİNE BONCUK TAŞLARDAN OLUŞMAKTADIR. BAKIR,KROM,ALTIN,ESKİTME,SİYAH BOYA RENKLERİ MEVCUTTUR;G9 LED;YOK;17500;24500;Bilgi Yok
PND1326-W;KRİSTAL AVİZE /CHANDELIER;35X55 CM;METAL KASNAK ÜZERİNE BONCUK TAŞLARDAN OLUŞMAKTADIR. BAKIR,KROM,ALTIN,ESKİTME,SİYAH BOYA RENKLERİ MEVCUTTUR;G9 LED;YOK;4500;6300;Bilgi Yok
PND1276-W;STARY APLİK/WALL;50X25X8 CM;METAL VE CAM MALZEMEDEN ÜRETİLMİŞTİR. ;DS LED;VAR;6900;9500;1.565,00 TL
PND1276-1;STARY SARKIT /CHANDELIER;50X50X35 CM;METAL VE CAM MALZEMEDEN ÜRETİLMİŞTİR. ;DS LED;VAR;9690;13500;3.130,00 TL
PND1276-2;STARY SARKIT /CHANDELIER;50X50 CM ;METAL VE CAM MALZEMEDEN ÜRETİLMİŞTİR. ;DS LED;VAR;9690;13500;3.130,00 TL
PND1276-3;STARY SARKIT /CHANDELIER;130X40 CM;METAL VE CAM MALZEMEDEN ÜRETİLMİŞTİR. ;DS LED;VAR;9690;13500;3.130,00 TL
PND1726-W;DORYA APLİK/WALL;68X15CM ;KRİSTAL CAM MALZEME ÜZERİ METAL GÖVDEDEN OLUŞMAKTADIR.İSTENİLEN RENK KAPLANMAKTADIR.CAM RENK SEÇENEKLERİ: BAL,FÜME,ŞEFFAF;E14;YOK;4500;6300;Bilgi Yok
PND1726;DORYA AVİZE/CHANDELIER;50X22CM;KRİSTAL CAM MALZEME ÜZERİ METAL GÖVDEDEN OLUŞMAKTADIR.İSTENİLEN RENK KAPLANMAKTADIR.CAM RENK SEÇENEKLERİ: BAL,FÜME,ŞEFFAF;E14;YOK;15000;21000;Bilgi Yok
PND1726-A;DORYA AVİZE/CHANDELIER;120 25 CM ;KRİSTAL CAM MALZEME ÜZERİ METAL GÖVDEDEN OLUŞMAKTADIR.İSTENİLEN RENK KAPLANMAKTADIR.CAM RENK SEÇENEKLERİ: BAL,FÜME,ŞEFFAF;E14;YOK;25000;35000;Bilgi Yok
PND1726-B;DORYA LİNER AVİZE/CHANDELIER;150X 30 CM ;KRİSTAL CAM MALZEME ÜZERİ METAL GÖVDEDEN OLUŞMAKTADIR.İSTENİLEN RENK KAPLANMAKTADIR.CAM RENK SEÇENEKLERİ: BAL,FÜME,ŞEFFAF;E14;YOK;25000;35000;Bilgi Yok
PND1263;TYCHO ROUND/SARKIT SUSPENSION; 12 L  YUVARLAK FORM SARKIT Dia:60 CM ;The product consists of metal overlay and crystal stripe glass.;E14;var;35000;49000;Bilgi Yok
PND1263-A;TYCHO ROUND SUSPENSION  ;14 L  LİNEER FORM SARKIT Dia:110 cm ;The product consists of metal overlay and crystal stripe glass.;E14;var;37500;52500;Bilgi Yok
PND1263-WA;TYCHO ROUND WALL;Dia:20 cm ;ÜRÜN METAL  VE  CAM MALZEMEDEN OLUŞMAKTADIR. İSTENİLEN RENK ÜRETİLMEKTEDİR;E14;YOK;2900;4060;Bilgi Yok
PND1263-W2;TYCHO  2L WALL;DIA:85X 25;ÜRÜN METAL  VE  CAM MALZEMEDEN OLUŞMAKTADIR. İSTENİLEN RENK ÜRETİLMEKTEDİR;E14;YOK;6900;9660;Bilgi Yok
PND1402;Mcqueen Avize/Chandelier ;Dia:65 CM  Lengt:120 cm;ÜRÜN METAL MALZEMEDEN OLUŞMAKTADIR.  RENK:ALTIN BAKIR, KROM TALEBE GÖRE İSTENİLEN BOYA RENGİ DE YAPILABİLMEKTEDİR.;G9 ;YOK;35000;49000;Bilgi Yok
PND1708;OLIVER  METAL SARKIT;40 Q;PASLANMAZ MALZEMEDEN OLUŞMAKTADIR. KAPLAMA YAPILMAKTADIR.RENK:ALTIN BAKIR, KROM TALEBE GÖRE İSTENİLEN BOYA RENGİ DE YAPILABİLMEKTEDİR.;E14 LED  ;YOK;25000;35000;Bilgi Yok
PND1708-A;OLIVER  METAL SARKIT;90 Q;PASLANMAZ MALZEMEDEN OLUŞMAKTADIR. KAPLAMA YAPILMAKTADIR.RENK:ALTIN BAKIR, KROM TALEBE GÖRE İSTENİLEN BOYA RENGİ DE YAPILABİLMEKTEDİR.;E14 LED  ;YOK;72000;100800;Bilgi Yok
PND1709;EMPIRE   80 CM ARMATUR SARKIT/CHANDELIER;90 Q;METAL MALZEMEDEN OLUŞMAKTADIR. KAPLAMA YAPILMAKTADIR.CAM ÇUBUKLAR KULLANILMIŞTIR. RENK:ALTIN BAKIR, KROM TALEBE GÖRE İSTENİLEN BOYA RENGİ DE YAPILABİLMEKTEDİR.;E14;YOK ;28500;39900;Bilgi Yok
PND1709-A;EMPIRE   80 CM ARMATUR SARKIT/CHANDELIER;Çap: 80cm Uzunluk: 30;METAL MALZEMEDEN OLUŞMAKTADIR. KAPLAMA YAPILMAKTADIR.CAM ÇUBUKLAR KULLANILMIŞTIR. RENK:ALTIN BAKIR, KROM TALEBE GÖRE İSTENİLEN BOYA RENGİ DE YAPILABİLMEKTEDİR.;E14;YOK ;28500;39900;Bilgi Yok
PND1709-B;EMPIRE   MASA ÜSTÜ/CHANDELIER;Uzunluk: 120cm Derinlik: 36cm Yükseklik: 35;METAL MALZEMEDEN OLUŞMAKTADIR. KAPLAMA YAPILMAKTADIR. ALMAN SHOT CAM  KULLANILMIŞTIR.  RENK:ALTIN BAKIR, KROM TALEBE GÖRE İSTENİLEN BOYA RENGİ DE YAPILABİLMEKTEDİR.;E14;var;32500;45500;Bilgi Yok
PND1709-C;EMPIRE KARE FORM   8 KATLI AVİZE /CHANDELIER 4 KAT CAM  4 KAT METAL ;METAL Üst:75  cm 60 cm 40 cm alt:20 cm 75X100 CM  ;METAL MALZEMEDEN OLUŞMAKTADIR. KAPLAMA YAPILMAKTADIR. ALMAN SHOT CAM  KULLANILMIŞTIR.  RENK:ALTIN BAKIR, KROM TALEBE GÖRE İSTENİLEN BOYA RENGİ DE YAPILABİLMEKTEDİR.;E14;var;75000;105000;Bilgi Yok
PND1709-D;EMPIRE KARE FORM   8 KATLI AVİZE /CHANDELIER 4 KAT CAM  4 KAT METAL ;ÜST 80  cm  60 cm 40 cm  20 cm  100X70 CM ;METAL MALZEMEDEN OLUŞMAKTADIR. KAPLAMA YAPILMAKTADIR. ALMAN SHOT CAM  KULLANILMIŞTIR.  RENK:ALTIN BAKIR, KROM TALEBE GÖRE İSTENİLEN BOYA RENGİ DE YAPILABİLMEKTEDİR.;E14;var;70000;98000;Bilgi Yok
PND1709-E;EMPIRE 3 L  ESKİTME AVİZE/ CAHNDELIER;Çap: 25cm Uzunluk: 30cm tek katlı cam: 15cm ;METAL MALZEMEDEN OLUŞMAKTADIR. KAPLAMA YAPILMAKTADIR. ALMAN SHOT CAM  KULLANILMIŞTIR.  RENK:ALTIN BAKIR, KROM TALEBE GÖRE İSTENİLEN BOYA RENGİ DE YAPILABİLMEKTEDİR.;E14 ;var;9000;12600;255,00 TL
PND1709-F;EMPIRE ESKİTME  AVİZE/ CHANDELIER;çap: 50cm uzun 45cm 6 katlı cam;METAL MALZEMEDEN OLUŞMAKTADIR. KAPLAMA YAPILMAKTADIR. ALMAN SHOT CAM  KULLANILMIŞTIR.  RENK:ALTIN BAKIR, KROM TALEBE GÖRE İSTENİLEN BOYA RENGİ DE YAPILABİLMEKTEDİR.;E14 ;var;14000;19600;Bilgi Yok
PND1709-G;EMPIRE BAKIR  AVİZE/ CHANDELIER;1 çap: 50cm 2  çap: 30cm Uzunluk: 50cm Cam: 3 katlı, 15cm;METAL MALZEMEDEN OLUŞMAKTADIR. KAPLAMA YAPILMAKTADIR. ALMAN SHOT CAM  KULLANILMIŞTIR.  RENK:ALTIN BAKIR, KROM TALEBE GÖRE İSTENİLEN BOYA RENGİ DE YAPILABİLMEKTEDİR.;E14 ;var;14000;19600;Bilgi Yok
PND1709-H;EMPIRE  APLİK;1) kat 35cm genişlik 18 cm derinlik 33cm yükseklik 15cm cam uznluk 2) kat 19cm genişlik 10 cm derinlik 15cm cam uzunluk 55X35 CM ;METAL MALZEMEDEN OLUŞMAKTADIR. KAPLAMA YAPILMAKTADIR. ALMAN SHOT CAM  KULLANILMIŞTIR.  RENK:ALTIN BAKIR, KROM TALEBE GÖRE İSTENİLEN BOYA RENGİ DE YAPILABİLMEKTEDİR.;E14 ;var;6500;9100;Bilgi Yok
PND1709-I;EMPIRE  LAMBADER; 45 cm çap 8 duy e14  şapka yükseklik 50cm İki kat cam uzunluk: 15cm,  30cm 145X45 CM ;METAL MALZEMEDEN OLUŞMAKTADIR. KAPLAMA YAPILMAKTADIR. ALMAN SHOT CAM  KULLANILMIŞTIR.  RENK:ALTIN BAKIR, KROM TALEBE GÖRE İSTENİLEN BOYA RENGİ DE YAPILABİLMEKTEDİR.;E14 ;var;25000;35000;Bilgi Yok
PND1709-J;EMPIRE COFFEE TABLE;67X52 CM ;ÜRÜN METAL  VE DEKTON MERMER MALZEMEDEN  OLUŞMAKTADIR. KAPLAMA YAPILMAKTADIR.   RENK:ALTIN BAKIR, KROM TALEBE GÖRE İSTENİLEN BOYA RENGİ DE YAPILABİLMEKTEDİR.;Bilgi Yok;YOK;25000;35000;Bilgi Yok
PND1709-K;EMPIRE COFFEE SIDE TABLE;70X67 CM ;ÜRÜN METAL  VE DEKTON MERMER MALZEMEDEN  OLUŞMAKTADIR. KAPLAMA YAPILMAKTADIR.   RENK:ALTIN BAKIR, KROM TALEBE GÖRE İSTENİLEN BOYA RENGİ DE YAPILABİLMEKTEDİR.;Bilgi Yok;YOK ;19000;26600;Bilgi Yok
PND1710;HYPONIC AVİZE/CHANDELIER;Bilgi Yok;METAL VE CAM MALZEMEDEN OLUŞMAKTADIR. RENK:ALTIN BAKIR, KROM TALEBE GÖRE İSTENİLEN BOYA RENGİ DE YAPILABİLMEKTEDİR.;G9 LED AMPUL;var;38500;53900;Bilgi Yok
PND1711;MAJESTIC CHANDELIER;DIA:80 60 40 CM;METAL VE CAM MALZEMEDEN OLUŞMAKTADIR. RENK:ALTIN BAKIR, KROM TALEBE GÖRE İSTENİLEN BOYA RENGİ DE YAPILABİLMEKTEDİR.;G9;var;27500;38500;Bilgi Yok
PND1711-A;MAJESTIC AYNA APLİK / MIRROR WALL;DIA:70 CM ;METAL VE CAM MALZEMEDEN OLUŞMAKTADIR. RENK:ALTIN BAKIR, KROM TALEBE GÖRE İSTENİLEN BOYA RENGİ DE YAPILABİLMEKTEDİR.;G9;var;8500;11900;Bilgi Yok
PND1429;LUNA SARKIT/PENDANT ;35 Q;KRİSTAL CAM MALZEMEMDEN ÜRETİLMEKTEDİR;LED;Var;11000;15400;Bilgi Yok
PND1429-A;LUNA APLİK ;25X16X15 CM ;KRİSTAL CAM MALZEMEMDEN ÜRETİLMEKTEDİR;LED;Var;2900;4060;Bilgi Yok
PND1374;SHINE SARKIT/PENDANT ;ÖLÇÜLER 25X30 CM  ;ÜRÜN POLİRETAN  ÜRETİLMİŞTİR.  İSTENİLEN RENK KAPLAMA VE BOYA YAPILIR.;E27 X 1  MAX 20 W;YOK;3500;4900;1.750,00 TL
PND1381;SHINE SARKIT/PENDANT ;ÖLÇÜLER 35X55 CM  ;ÜRÜN POLİRETAN  ÜRETİLMİŞTİR.  İSTENİLEN RENK KAPLAMA VE BOYA YAPILIR.;E27 X 1  MAX 20 W;YOK;6500;9100;2.750,00 TL
PND1412-C;POLIRETEN SARKIT/PENDANT;ÖLÇÜLER 55 CM  ;ÜRÜN POLİRETAN  ÜRETİLMİŞTİR.  İSTENİLEN RENK KAPLAMA VE BOYA YAPILIR.;E27 X 1  MAX 20 W;YOK;6500;9100;Bilgi Yok
PND1412-A;POLIRETEN SARKIT/PENDANT;ÖLÇÜLER 75 CM  ;ÜRÜN POLİRETAN  ÜRETİLMİŞTİR.  İSTENİLEN RENK KAPLAMA VE BOYA YAPILIR.;E27 X 1  MAX 20 W;YOK;9000;12600;Bilgi Yok
PND1412-B;POLIRETEN SARKIT/PENDANT;ÖLÇÜLER 120 CM  ;ÜRÜN POLİRETAN  ÜRETİLMİŞTİR.  İSTENİLEN RENK KAPLAMA VE BOYA YAPILIR.;E27 X 1  MAX 20 W;YOK;11000;15400;Bilgi Yok
PND1671;POLIRETEN  APLİK/WALL;ÖLÇÜLER 32X11 CM  İÇ ÖLÇÜ 19 Q  ;ÜRÜN POLİRETEN VE GLOB CAM MALZEMEDEN  ÜRETİLMİŞTİR.  İSTENİLEN RENK KAPLAMA VE BOYA YAPILIR.;G9 X 1  MAX 10 W;YOK;4500;6500;2.500,00 TL
PND1672;HENA POLIRETEN  APLİK/WALL;ÖLÇÜLER 70 Q   ;ÜRÜN POLİRETEN VE GLOB CAM MALZEMEDEN  ÜRETİLMİŞTİR.  İSTENİLEN RENK KAPLAMA VE BOYA YAPILIR.;E27 X 1  MAX 20 W;YOK;11000;15400;2.750,00 TL
PND1672-A;HENA POLIRETEN  APLİK/WALL;ÖLÇÜLER 60 Q;ÜRÜN POLİRETAN  ÜRETİLMİŞTİR.  İSTENİLEN RENK KAPLAMA VE BOYA YAPILIR.;E27 X 1  MAX 20 W;YOK;10000;14000;2.550,00 TL
PND1672-B;HENA POLIRETEN  APLİK/WALL;ÖLÇÜLER 50 Q;ÜRÜN POLİRETEN VE GLOB CAM MALZEMEDEN  ÜRETİLMİŞTİR.  İSTENİLEN RENK KAPLAMA VE BOYA YAPILIR.;E27 X 1  MAX 20 W;YOK;9500;13300;2.400,00 TL
PND1672-C;HENA POLIRETEN  APLİK/WALL; ÖLÇÜLER  40 Q;ÜRÜN POLİRETEN VE GLOB CAM MALZEMEDEN  ÜRETİLMİŞTİR.  İSTENİLEN RENK KAPLAMA VE BOYA YAPILIR.;E27 X 1  MAX 20 W;YOK;7000;9800;1.750,00 TL
PND1673;HENA POLIRETEN  APLİK/WALL; ÖLÇÜLER  34X24X20 CM;ÜRÜN POLİRETEN VE GLOB CAM MALZEMEDEN  ÜRETİLMİŞTİR.  İSTENİLEN RENK KAPLAMA VE BOYA YAPILIR.;E27 X 1  MAX 20 W;YOK;3750;5250;1.875,00 TL
PND1218-W;MELT SARKIT/PENDANT;28X120 CM;ÜRÜN AKRİLİK MALZEMEDEN ÜRETİLMİŞTİR RENK ALTERNATİFİ  BAKIR-KROM-ALTIN -FÜME;E27X1;YOK;3800;5320;1.300,00 TL
PND1218;MELT SARKIT/PENDANT;28X120 CM;ÜRÜN AKRİLİK VE CAM MALZEME ALTERNATİFİYLE ÜRETİLMİŞTİR RENK ALTERNATİFİ  BAKIR-KROM-ALTIN ;E27X1;YOK;3800;5320;1.450,00 TL
PND1218-A;MELT SARKIT/PENDANT;36X 120 CM ;ÜRÜN AKRİLİK VE CAM MALZEME ALTERNATİFİYLE ÜRETİLMİŞTİR RENK ALTERNATİFİ  BAKIR-KROM-ALTIN ;E27 X 1;YOK;5900;8260;2.450,00 TL
PND1218-D;MELT ABAJUR/TABLE LAMP ; 28 X 44 cm ;ÜRÜN AKRİLİK VE CAM MALZEME ALTERNATİFİYLE ÜRETİLMİŞTİR RENK ALTERNATİFİ  BAKIR-KROM-ALTIN ;E27 X 1;YOK;6500;9100;1.720,00 TL
PND1218-L;MELT LAMBADER/FLOOR LAMP;Bilgi Yok;ÜRÜN AKRİLİK VE CAM MALZEME ALTERNATİFİYLE ÜRETİLMİŞTİR RENK ALTERNATİFİ  BAKIR-KROM-ALTIN ;E27;YOK;17500;24500;Bilgi Yok
PND1246;HEDGEHOG KİRPİ AVİZE/CHANDELIER ;70 Q;ÜRÜN PRİNÇ MALZEMEDEN ÜRETİLMEKTEDİR.;E14;var;14000;19600;Bilgi Yok
PND17408;SNAKE  APLİK/WALL;ÖLÇÜLER 32x25x89cm;ÜRÜN DÖKÜM MALZEMEDEN OLUŞMAKTADIR.;E14;ÜRETİM;6900;9660;Bilgi Yok
PND17406;HORSE ABAJUR;ÖLÇÜLER 45X102 CM ;PASLANMAZ MALZEMEDEN ÜRETİLMİŞTİR. KUMAŞ ŞAPKASI MEVCUTTUR. SİYAH VE KROM RENKLERİ MEVCUT ;E27;VAR ;12500;24000;Bilgi Yok
PND1262;PILOVITI SARKIT;140 Q ;METALA MALZEME ÜZERİ STATİK BOYA UYGULANMAKTADIR. RAL KODUNA GÖRE İSTENİLEN RENK BOYANMAKTADIR.;E27;YOK;14000;19600;Bilgi Yok
PND1245-I;FREYA SARKIT;ÖLÇÜLERC 40 CM ;pirinç malzeme İSTENİLEN RENK KAPLAMA YAPILIR.;E27 X 1  MAX 20 W;YOK;7500;10000;9 ADET STOK
PND1245-II;FREYA SARKIT;ÖLÇÜLER 60 CM ;ÜRÜN PİRİNÇ MALZEMEDEN ÜRETİLMİŞTİR.  İSTENİLEN RENK KAPLAMA YAPILIR.;E27 X 1  MAX 20 W;YOK;8500;12000;9 ADET STOK TEŞHİR HARİÇ
PND1245-III;FREYA SARKIT;ÖLÇÜLER 80 CM ;ÜRÜN PİRİNÇ MALZEMEDEN ÜRETİLMİŞTİR.  İSTENİLEN RENK KAPLAMA YAPILIR.;E27 X 1  MAX 20 W;YOK;9500;13000;10 ADET STOK
PND1245-IV;FREYA SARKIT;ÖLÇÜLER 90 CM  ;ÜRÜN PİRİNÇ MALZEMEDEN ÜRETİLMİŞTİR.  İSTENİLEN RENK KAPLAMA YAPILIR.;E27 X 1  MAX 20 W;YOK;11000;15000;10 ADET STOK
PND1707-T1;LENA ABAJUR ;ÖLÇÜLER  60 X 40 CM ALT TABLA 45X15 CM ŞAPKA  61 X 24 TOPLAM YÜKSEKLİK 72 CM ;Alüminyum malzemeden üretilmiştir. Kumaş şapka kullanılmıştır.  İstenilen  renk üretilmektedir. ;E72  MAX 40 W;VAR;9500;13300;Bilgi Yok
PND1707-T2;LENA ABAJUR ;123X68X27,5 CM  ;Alüminyum malzemeden üretilmiştir. Kumaş şapka kullanılmıştır.  İstenilen  renk üretilmektedir. ;E72  MAX 40 W;VAR;23500;32900;Bilgi Yok
PND1252-W;LAVANTA APLİK;49 X 24 CM; Alüminyum  malzemeden üretilmiştir.  İstenilen  renk üretilmektedir.  ;E14;YOK;3850;5500;1.500,00 TL
PND1251-W;MERCAN APLİK;  Boyutlar  Toplam yükseklik 55 cm  Gövde: 33 X 23 CM Şapka: 25X18x14;  Alüminyum  malzemeden üretilmiştir.  İstenilen  renk üretilmektedir.  ;1,00 TL;YOK;3850;5500;1.500,00 TL
PND1250-W;KÜP APLİK;ÖLÇÜLER  60 CM -17 CM ; Alüminyum  malzemeden üretilmiştir.  İstenilen  renk üretilmektedir. ;G9 MAX  20 W;YOK;3000;4200;1.500,00 TL
PND-1249W3;YELPAZE  3 L APLİK;ÖLÇÜLER  83 X 34 CM ; Alüminyum  malzemeden üretilmiştir.  İstenilen  renk üretilmektedir. ;G9 MAX  20 W;YOK;4900;6860;1.250,00 TL
PND-1398W;YELPAZE  2 L APLİK;ÖLÇÜLER  87 X 37 CM ; Alüminyum  malzemeden üretilmiştir.  İstenilen  renk üretilmektedir. ;G9 MAX  20 W;YOK;3800;5320;1.000,00 TL
PND-1249W;YELPAZE  APLİK;ÖLÇÜLER  37 X 33 CM ; Alüminyum  malzemeden üretilmiştir.  İstenilen  renk üretilmektedir. ;G9 MAX  20 W;YOK;2000;2800;500,00 TL
PND-1249W2;YELPAZE  2 L APLİK;ÖLÇÜLER  37 X 33 CM ; Alüminyum  malzemeden üretilmiştir.  İstenilen  renk üretilmektedir. ;G9 MAX  20 W;YOK;2500;3500;350,00 TL
PND1249L;YELPAZE   LAMBADER;ÖLÇÜLER  175  CM ; Alüminyum  malzemeden üretilmiştir.  İstenilen  renk üretilmektedir. ;G9 MAX  20 W X4;YOK;10000;14000;900,00 TL
PND1249L1;YELPAZE   LAMBADER  / FLOORLAMP;160 CM; Alüminyum  malzemeden üretilmiştir.  İstenilen  renk üretilmektedir. ;E14X 3;YOK;12500;17500;Bilgi Yok
PND1249-S;YELPAZE  SARKIT /PENDANT;60 Q; Alüminyum  malzemeden üretilmiştir.  İstenilen  renk üretilmektedir. ;E27 MAX  40 W;YOK;7500;10500;4.000,00 TL
PND1664;YAPRAK  SERİP APLİK/WALL;ÖLÇÜLER  55 X 50  CM ;Pirinç ve cam  malzemeden üretilmiştir.  İstenilen  renk üretilmektedir. ;G9 MAX  20 W ;YOK;13000;18200;1.250,00 TL
PND1664/W;YAPRAK  SERİP APLİK/WALL;ÖLÇÜLER  55 X 50  CM ;Pirinç ve cam  malzemeden üretilmiştir.  İstenilen  renk üretilmektedir. ;G9 MAX  20 W;YOK;13500;18900;1.250,00 TL
PND1664-A;YAPRAK SERİP AVİZE/CHANDELIER;95 Q;PİRİNÇ DÖKÜM VE CAM MALZEMEDEN OLUŞMAKTADIR.İSTENİLEN RENK KAPLANABİLİR.;E14;YOK;55000;77000;Bilgi Yok
PND1665;LEAF APLİK/WALL;ÖLÇÜLER  65 X 45 CM ;Pirinç   malzemeden üretilmiştir.  İstenilen  renk üretilmektedir. ;E14;YOK;9500;13300;1.500,00 TL
PND1270-W;AİDA  APLİK/WALL;ÖLÇÜLER  55 X 35 CM ;Alüminyum malzemeden üretilmiştir.  İstenilen  renk üretilmektedir. ;G9X4;VAR;4800;6720;Bilgi Yok
PND1394-W1;PYSO APLİK/WALL;17 Q ;ÜRÜN PİRİNÇ MALZEMEDEN ÜRETİLMİŞTİR.  İSTENİLEN RENK KAPLAMA YAPILIR.;G9;YOK;3900;5460;Bilgi Yok
PND1394-W2;PYSO APLİK/WALL;Bilgi Yok;ÜRÜN METAL MALZEMEDEN ÜRETİLMİŞTİR.  İSTENİLEN RENK KAPLAMA YAPILIR. DÖVME DESEN KULLANILMIŞTIR.;G9;YOK;1475;2065;Bilgi Yok
PND1394-W3;PYSO APLİK/WALL;Bilgi Yok;ÜRÜN METAL MALZEMEDEN ÜRETİLMİŞTİR.  İSTENİLEN RENK KAPLAMA YAPILIR. DÖVME DESEN KULLANILMIŞTIR.;G9;YOK;1875;2625;Bilgi Yok
PND1404;NOON SARKIT/PENDANT;20 Q;ÜRÜN PLEKSİ VE METAL MALZEMEDEN OLUŞMAKTADIR;LED;VAR;1250;1750;5 ADET STOK
PND1404-A;NOON SARKIT/PENDANT;25Q;ÜRÜN PLEKSİ VE METAL MALZEMEDEN OLUŞMAKTADIR;LED;var;1500;2100;5 ADET STOK
PND1404-B;NOON SARKIT/PENDANT;30 Q;ÜRÜN PLEKSİ VE METAL MALZEMEDEN OLUŞMAKTADIR;LED;var;1750;2450;5 ADET STOK
PND1404-C;NOON SARKIT;35Q;ÜRÜN PLEKSİ VE METAL MALZEMEDEN OLUŞMAKTADIR;LED;var;2000;2800;5 ADET STOK
PND1404-W;NOON APLİK/WALL;40 Q;ÜRÜN PLEKSİ VE METAL MALZEMEDEN OLUŞMAKTADIR;LED;var;2500;3500;5 ADET STOK
PND1404-WI;NOON APLİK/WALL;45 Q;ÜRÜN PLEKSİ VE METAL MALZEMEDEN OLUŞMAKTADIR;LED;var;3500;4900;5 ADET STOK
PND1427;BOB SARKIT ;24.5X18 CM ;ÜRÜN  METAL MALZEMEDEN ÜRETİLMEKTEDİR  RENK ALTERNATİFİ RAL KODUNA GÖRE BOYANABİLİR. KABLO BOYLARI SİZLERE GÖRE BELİRLENEBİLİR.;E27X1;YOK;1250;1750;500,00 TL
PND1427-A;BOB SARKIT ;24.5X18 CM ;ÜRÜN  METAL MALZEMEDEN ÜRETİLMEKTEDİR  RENK ALTERNATİFİ RAL KODUNA GÖRE BOYANABİLİR. KABLO BOYLARI SİZLERE GÖRE BELİRLENEBİLİR.;E27X3;YOK;3750;5250;1.500,00 TL
PND1718;MAYBE APLİK/WALL;68X28X14 cm;METAL VE CAM MALZEMEDEN ÜRETİLMİŞTİR İSTENİLEN RENK BOYA VE KAPLAMA YAPILMAKTADIR.;E14;YOK;4450;6230;Bilgi Yok
PND1719;ELISA APLİK /WALL;75X12CM ;METAL VE CAM MALZEMEDEN ÜRETİLMİŞTİR İSTENİLEN RENK BOYA VE KAPLAMA YAPILMAKTADIR.;DS LED;YOK;4850;6790;Bilgi Yok
PND1720;KONİ APLİK ;27X11X16 CM;METAL MALZEMEDEN OLUŞMAKTADIR.RAL KODUNA GÖRE BOYANABİLİR;E14;YOK;1875;2625;Bilgi Yok
PND1721;MEŞALE APLİK/WALL;50X11X9X3,5 CM ;METAL VE İÇİ DOLU PLEXİ MALZEMEDEN OLUŞMAKTADIR.İSTENİL RENK KAPLANMAKTADIR;G9;YOK;1350;1890;Bilgi Yok
PND1722-W1;LORA APLİK/WALL;30X10X5 CM ;METAL VE İÇİ DOLU PLEXİ MALZEMEDEN OLUŞMAKTADIR.İSTENİL RENK KAPLANMAKTADIR;G9;YOK;1250;1750;Bilgi Yok
PND1722-W2;LORA APLİK/WALL;25x10x5 CM;METAL VE İÇİ DOLU PLEXİ MALZEMEDEN OLUŞMAKTADIR.İSTENİL RENK KAPLANMAKTADIR;G9,;YOK;1350;1890;Bilgi Yok
PND1722;LORA AVİZE/CHANDELIER;120X60 CM ;METAL VE İÇİ DOLU PLEXİ MALZEMEDEN OLUŞMAKTADIR.İSTENİL RENK KAPLANMAKTADIR;G9;YOK;25000;35000;Bilgi Yok
PND1723-W;LORA APLİK/WALL;32X20 CM ;METAL VE İÇİ DOLU PLEXİ MALZEMEDEN OLUŞMAKTADIR.İSTENİL RENK KAPLANMAKTADIR;G9;YOK;2750;3850;Bilgi Yok
PND1724;LORA AVİZE/CHANDELIER;80X80 CM ;METAL VE İÇİ DOLU PLEXİ MALZEMEDEN OLUŞMAKTADIR.İSTENİL RENK KAPLANMAKTADIR;G9;YOK;12500;17500;Bilgi Yok
PND1725;DESİ AVİZE/CHANDELIER ;100X60 CM;METAL VE İÇİ DOLU PLEXİ MALZEMEDEN OLUŞMAKTADIR.İSTENİL RENK KAPLANMAKTADIR;G9;YOK;27500;38500;Bilgi Yok
PND1707-W;BOCKA APLİK/WALL;40X10 CM;METAL MALZEMEDEN ÜRETİLMİŞTİR. İSTENİLEN RENK BOYA VE KAPLAMA YAPILMAKTADIR.;E27;YOK;1275;1785;Bilgi Yok
PND1707;BOCKA SARKIT/PENDANT;60 Q;METAL MALZEMEDEN ÜRETİLMİŞTİR. İSTENİLEN RENK BOYA VE KAPLAMA YAPILMAKTADIR.;E27;YOK;6500;9100;Bilgi Yok
PND1309;KITAMI APLİK/WALL;Bilgi Yok;METAL MALZEMEDEN ÜRETİLMİŞTİR. İSTENİLEN RENK BOYA VE KAPLAMA YAPILMAKTADIR.;G4;YOK;4750;6650;Bilgi Yok
PND1309-A;KITAMI SARKIT/PENDANT;Bilgi Yok;METAL MALZEMEDEN ÜRETİLMİŞTİR. İSTENİLEN RENK BOYA VE KAPLAMA YAPILMAKTADIR.;G4;YOK;12500;17500;Bilgi Yok
PND1713-W;MATTEO APLİK/WALL;30X30 CM ;METAL VE CAM MALZEMEDEN ÜRETİLMİŞTİR. İSTENİLEN RENK BOYA VE KAPLAMA YAPILMAKTADIR.;YOK;YOK;2650;3710;Bilgi Yok
PND1713;MATTEO SARKIT/PENDANT;80X40 CM ;METAL VE CAM MALZEMEDEN ÜRETİLMİŞTİR. İSTENİLEN RENK BOYA VE KAPLAMA YAPILMAKTADIR.;YOK;YOK;6500;9100;Bilgi Yok
PND1713-A;MATTEO SARKIT/PENDANT;80X40 CM ;METAL VE CAM MALZEMEDEN ÜRETİLMİŞTİR. İSTENİLEN RENK BOYA VE KAPLAMA YAPILMAKTADIR.;YOK;YOK;9500;13300;Bilgi Yok
PND1713-B;MATTEO SARKIT/PENDANT;90X35 CM;METAL VE CAM MALZEMEDEN ÜRETİLMİŞTİR. İSTENİLEN RENK BOYA VE KAPLAMA YAPILMAKTADIR.;YOK;YOK;9000;12600;Bilgi Yok
PND1667;GLEEN SARKIT LINER/PENDANT;150X30 CM ;METAL VE CAM MALZEMEDEN ÜRETİLMİŞTİR. İSTENİLEN RENK BOYA VE KAPLAMA YAPILMAKTADIR.;DS LED;VAR;18800;26320;9.400,00 TL
PND1667-A;GLEEN SARKIT /PENDANT;60X30 CM ;METAL VE CAM MALZEMEDEN ÜRETİLMİŞTİR. İSTENİLEN RENK BOYA VE KAPLAMA YAPILMAKTADIR.;DS LED;VAR;11000;15400;5.500,00 TL
 PND1668;LINDA SARKIT/PENDANT;Ø:35CM H:90CM;METAL VE CAM MALZEMEDEN ÜRETİLMİŞTİR. ŞEFFAF ÇİZGİLİ CAM KROM MEKANİZMA;DS LED;VAR;8900;12460;2.200,00 TL
PND1412;GREEN LIGHT SARKIT /PENDANT;Ø:28CM H:130CM;METAL VE CAM MALZEMEDEN ÜRETİLMİŞTİR. ;E14;YOK;3750;5250;1.500,00 TL
PND1551;DIEGO APLİK/WALL;ÖLÇÜLER 11X80 CM ;Materyal Metal ve CAM SİYAH-ESKİTME;GU10-G9;VAR;2700;3780;255,00 TL
PND1685;MORRIS APLİK/WALL;  Ölçüler  6 X 60 cm    ;Materyal Metal Kasa Lumen 1100 Kelvin 3000 Renk Beyaz Siyah;samsung led Watt 11W;VAR;3000;4200;900,00 TL
PND1685-A;MORRIS APLİK/WALL;6X90 CM;Materyal Metal Kasa Lumen 1800 Kelvin 3000 Renk Beyaz Siyah  ;samsung led Watt 18W;VAR;4000;5600;1.100,00 TL
PND1685-B;MORRIS APLİK/WALL;6X120 CM  ;Materyal Metal Kasa Lumen 2400 Kelvin 3000 Renk Beyaz Siyah  ;samsung led Watt 24 W;VAR;5000;7000;1.700,00 TL
PND1287;VERONICA 1  SARKIT;H: 100 CM ;ÜRÜN METAL VE CAM MALZEMEDEN ÜRETİLMEKTEDİR.İSTENİLEN RENK KAPLANIP, BOYANA BİLİR.;G9 ;YOK;2900;4060;Bilgi Yok
PND1287-A;VERONICA 1 APLİK;H:85 ;ÜRÜN METAL VE CAM MALZEMEDEN ÜRETİLMEKTEDİR.İSTENİLEN RENK KAPLANIP, BOYANA BİLİR.;E14;YOK;2500;3500;Bilgi Yok
PND1287-B;VERONICA 1 MASA LAMBASI;H:85 ;ÜRÜN METAL VE CAM MALZEMEDEN ÜRETİLMEKTEDİR.İSTENİLEN RENK KAPLANIP, BOYANA BİLİR.;E14;YOK;2850;3990;2.380,00 TL
PND1288;VERONICA SARKIT/PENDANT;H:85 ;ÜRÜN METAL VE CAM MALZEMEDEN ÜRETİLMEKTEDİR.İSTENİLEN RENK KAPLANIP, BOYANA BİLİR.;E14;YOK;1900;2750;Bilgi Yok
PND1288-C;VERONICA APLİK;56,5X15 CM ;Bilgi Yok;E14;YOK;2700;3780;Bilgi Yok
PND1288-B;VERONICA APLİK;30X150 CM ;Bilgi Yok;E14;YOK;2700;3780;Bilgi Yok
PND1288-A;VERONICA APLİK ;H:76 CM  CAM:10X40 CM EN:20 CM ;"ÜRÜN METAL VE CAM MALZEMEDEN ÜRETİLMEKTEDİR.İSTENİLEN RENK KAPLANIP, BOYANA BİLİR.HAZIRDA BULUNAN RENKLERİ; BAL ,FÜME,ŞEFFAF ";E14;YOK;3900;5500;1.750,00 TL
PND1288-BA;VERONICA AVİZE/CHANDELIER;100 Q;15 KOLLUDUR. ÜRÜN METAL VE CAM MALZEMEDEN ÜRETİLMEKTEDİR.İSTENİLEN RENK KAPLANIP, BOYANA BİLİR. ;E14;YOK;35000;49000;Bilgi Yok
PND1233;DIALLO  CHANDELIER/AVİZE SMALL;75X100 CM ;ÜRÜN METAL VE  İÇİ BOŞ  CAM MALZEMEDEN OLUŞMAKTADIR. İSTENİLEN RENK KAPLAMA VE BOYA YAPILA BİLİR.;E14;YOK;17500;24500;Bilgi Yok
PND1235;OCCO 6 LI SARKIT/PENDANT ;35 Q;6 adet kristal cam toptan oluşur. Metak aksanlar krom metaldir. ;G4X6;YOK;8500;11900;200,00 TL
PND1235-A;OCCO 10 LI SARKIT/PENDANT ;100x15 cm ;10 adet kristal cam toptan oluşur. Metak aksanlar krom metaldir. ;G4X10;YOK;14250;19950;Bilgi Yok
PND1235-B;OCCO 14 LI SARKIT/PENDANT ;Dia : 14 * 10 cm Glass   Note: 1 Glass is 2kg. ;14 adet kristal cam toptan oluşur. Metak aksanlar krom metaldir. ;G4X14;YOK;19800;27720;2.380,00 TL
PND1227;CLOUD SARKIT SMALL;35X20 CM ;HİPOALERJENİK POLYESTER FİBER  (PLEXİ),YANMAZ KORDON HALOJEN FREE ,OSRAM LED,RGB IŞIK (KUMANDALI 16 RENK,  SİYAH KORDON AÇMA KAPAMA DÜĞMESİ;RGB;VAR;5600;7850;2.800,00 TL
PND1227-A;CLOUD SARKIT MEDIUM;65X45X45CM;HİPOALERJENİK POLYESTER FİBER  (PLEXİ),YANMAZ KORDON HALOJEN FREE ,OSRAM LED,RGB IŞIK (KUMANDALI 16 RENK,  SİYAH KORDON AÇMA KAPAMA DÜĞMESİ;RGB;VAR;7000;8800;3.500,00 TL
PND1227-B;CLOUD SARKIT LARGE;90X45X45 CM;HİPOALERJENİK POLYESTER FİBER  (PLEXİ),YANMAZ KORDON HALOJEN FREE ,OSRAM LED,RGB IŞIK (KUMANDALI 16 RENK,  SİYAH KORDON AÇMA KAPAMA DÜĞMESİ;RGB;VAR;12600;15000;6.300,00 TL
PND1226;CLOUD SARKIT FANUS ;50 CM;HİPOALERJENİK POLYESTER FİBER  (PLEXİ),YANMAZ KORDON HALOJEN FREE ,OSRAM LED,RGB IŞIK (KUMANDALI 16 RENK,  SİYAH KORDON AÇMA KAPAMA DÜĞMESİ;RGB;VAR;11900;15000;5.950,00 TL
PND1227-C;CLOUD ABAJUR/TABLE LAMP;65 x 65 cm;HİPOALERJENİK POLYESTER FİBER  (PLEXİ),YANMAZ KORDON HALOJEN FREE ,OSRAM LED,RGB IŞIK (KUMANDALI 16 RENK,  SİYAH KORDON AÇMA KAPAMA DÜĞMESİ;RGB;VAR;8400;11760;4.200,00 TL
PND1227-D;CLOUD ABAJUR/TABLE LAMP;65 x 65 cm;HİPOALERJENİK POLYESTER FİBER  (PLEXİ),YANMAZ KORDON HALOJEN FREE ,OSRAM LED,RGB IŞIK (KUMANDALI 16 RENK,  SİYAH KORDON AÇMA KAPAMA DÜĞMESİ;RGB;VAR;8400;11760;4.200,00 TL
PND1227-E;CLOUD LAMBADER/FLOOR LAMP;150X50 CM ;HİPOALERJENİK POLYESTER FİBER  (PLEXİ),YANMAZ KORDON HALOJEN FREE ,OSRAM LED,RGB IŞIK (KUMANDALI 16 RENK,  SİYAH KORDON AÇMA KAPAMA DÜĞMESİ;RGB;VAR;12600;12750;6.300,00 TL
PND1227-F;CLOUD LAMBADER/FLOOR LAMP;175x55x45 cm;HİPOALERJENİK POLYESTER FİBER  (PLEXİ),YANMAZ KORDON HALOJEN FREE ,OSRAM LED,RGB IŞIK (KUMANDALI 16 RENK,  SİYAH KORDON AÇMA KAPAMA DÜĞMESİ;RGB;VAR;11200;15000;5.600,00 TL
PND1227-G;ZUZU SARKIT/ABAJUR ;Bilgi Yok;HİPOALERJENİK POLYESTER FİBER  (PLEXİ),YANMAZ KORDON HALOJEN FREE ,OSRAM LED,RGB IŞIK (KUMANDALI 16 RENK,  SİYAH KORDON AÇMA KAPAMA DÜĞMESİ;RGB;VAR;5500;7700;2.500,00 TL
PND1425-W;SAIERSE APLİK/WALL;30X60 CM ;ÜRÜN METAL MALZEMEDEN OLUŞMAKTADIR. İSTENİLEN RENK KAPLAMA VE BOYA YAPILA BİLİR.;G9;YOK;2850;3990;Bilgi Yok
PND1431-W1;WINKLE ZARF APLİK/WALL;38X10X13 CM ;ÜRÜN METAL MALZEMEDEN OLUŞMAKTADIR. İSTENİLEN RENK KAPLAMA VE BOYA YAPILA BİLİR.;G9;YOK;2750;3850;Bilgi Yok
PND1431-W2;WINKLE ZARF APLİK/WALL;40X12X8 CM ;ÜRÜN METAL MALZEMEDEN OLUŞMAKTADIR. İSTENİLEN RENK KAPLAMA VE BOYA YAPILA BİLİR.;G9;YOK;1875;2625;  
PND1728;MAFSALLI APLİK ;Bilgi Yok;ÜRÜN METAL MALZEMEDEN OLUŞMAKTADIR. İSTENİLEN RENK KAPLAMA VE BOYA YAPILA BİLİR.;E14;YOK;1875;2625;Bilgi Yok
PND1714;HERA SARKIT;H:85 CM; ÜRÜN METAL VE CAM DAN OLUŞMAKTADIR. 5 ADET GLOB CAMDAN OLUŞMAKTADIR.  H: 85 CM ;G9 ;yok;12500;17500;Bilgi Yok
PND1714-A;HERA SARKIT;H:100 CM; ÜRÜN METAL VE CAM DAN OLUŞMAKTADIR. 5 ADET GLOB CAMDAN OLUŞMAKTADIR.  H: 100 CM ;G9 ;yok;15000;21000;Bilgi Yok
PND1714-B;HERA SARKIT;H:120 CM; ÜRÜN METAL VE CAM DAN OLUŞMAKTADIR. 5 ADET GLOB CAMDAN OLUŞMAKTADIR.  H: 120 CM ;G9 ;yok;17500;24500;Bilgi Yok
PND1714-P1;HERA SARKIT/PENDANT ;60x30 CM; ÜRÜN METAL VE CAM DAN OLUŞMAKTADIR. 4 ADET GLOB CAMDAN OLUŞMAKTADIR. ;G9  X4;yok;10000;14000;Bilgi Yok
PND1714-P2;HERA SARKIT/PENDANT ;80x30  CM; ÜRÜN METAL VE CAM DAN OLUŞMAKTADIR. 4 ADET GLOB CAMDAN OLUŞMAKTADIR. ;G9  X4;yok;11000;15400;Bilgi Yok
PND1714-P3;HERA SARKIT/PENDANT ;90X30 CM; ÜRÜN METAL VE CAM DAN OLUŞMAKTADIR. 5 ADET GLOB CAMDAN OLUŞMAKTADIR. ;G9 X5;yok;13000;18200;Bilgi Yok
PND1714-1;HERA RING SARKIT/PENDANT;90 Q; ÜRÜN METAL,ALÜMİNYUM DÖKÜM  VE CAM DAN OLUŞMAKTADIR. 24 GLOB CAM DAN OLUŞMAKTADIR. ÇAP 80 CM DİR.;G9;yok ;25000;35000;Bilgi Yok
PND1714-2;HERA SARKIT; ÇAP  90 CM  ÇAP:60 CM ;ÜRÜN METAL,ALÜMİNYUM DÖKÜM  VE CAM DAN OLUŞMAKTADIR. TOPLAM: 40 ADET GLOB CAMDAN OLUŞMAKTADIR.ÜRÜN METAL,ALÜMİNYUM DÖKÜM  VE CAM DAN OLUŞMAKTADIR. TOPLAM: 40 ADET GLOB CAMDAN OLUŞMAKTADIR.;G9;yok ;55000;77000;Bilgi Yok
PND1714-3;HERA SARKIT; ÇAP  90 CM  ÇAP:60 CM  ÇAP:40 CM ;ÜRÜN METAL,ALÜMİNYUM DÖKÜM  VE CAM DAN OLUŞMAKTADIR. TOPLAM: 40 ADET GLOB CAMDAN OLUŞMAKTADIR.ÜRÜN METAL,ALÜMİNYUM DÖKÜM  VE CAM DAN OLUŞMAKTADIR. TOPLAM: 40 ADET GLOB CAMDAN OLUŞMAKTADIR.;G9;yok ;75000;105000;Bilgi Yok
PND1715;SERA SARKIT;Q: 70 CM ; ÜRÜN ALÜMİNYUM DÖKÜM MALZEMEDEN  OLUŞMAKTADIR. 8 ADET E14 DUY BULUNMAKTADIR.;E14;YOK;19000;27000;Bilgi Yok
PND1715-A;SERA APLİK ;45X15X6 CM; ÜRÜN ALÜMİNYUM DÖKÜM MALZEMEDEN  OLUŞMAKTADIR.  8 ADET E14 DUY BULUNMAKTADIR.;G9;YOK;3800;5500;Bilgi Yok
PND1727;YAPRAK ARMATÜR;70X 10 CM; ÜRÜN ALÜMİNYUM DÖKÜM MALZEMEDEN  OLUŞMAKTADIR.  8 ADET E14 DUY BULUNMAKTADIR.;E14;YOK;25000;35000;Bilgi Yok
PND1727-AP;YAPRAK APLİK /WALL;30X 10 CM ; ÜRÜN,ALÜMİNYUM DÖKÜM MALZEMEDEN OLUŞMAKTADIR. ;G9;YOK;3500;4900;Bilgi Yok
PND1300;QENVA APLİK;57X27 CM ;METAL VE PASLANMAZ MALZEMEDEN OLUŞMAKTADIR;DS LED;VAR;6500;9100;Bilgi Yok
PND17407;STELLA APLİK;ÖLÇÜLER 110X30;ÜRÜN METAL MALZEMEDEN OLUŞMAKTADIR.  KUMAŞ ŞAPKA KULLANILMIŞTIR. ;E14;VAR;3400;5000;Bilgi Yok
PND1764-AP;GRACE  APLİK;ÖLÇÜLER 60X 15 CM ;METAL MALZEMEDEN ÜRETİLMİŞTİR. İSTENİLEN RENK BOYA VE KAPLAMA YAPILMAKTADIR.;G4;VAR;1875;2650;Bilgi Yok
PND1764;GRACE  SARKIT;50X10 CM ;METAL MALZEMEDEN ÜRETİLMİŞTİR. İSTENİLEN RENK BOYA VE KAPLAMA YAPILMAKTADIR.;G4;VAR;2200;3000;Bilgi Yok
PND1764-M;GRACE ABAJUR;ÖLÇÜLER 45x85cm;ÜRÜN PASLANMAZ MALZEMEDEN OLUŞMAKTADIR.  KUMAŞ ŞAPKA KULLANILMIŞTIR. ;E27;VAR;12500;17500;Bilgi Yok
PND1764-A;GRACE AVİZE/CHANDELIER;ÖLÇÜLER 100X80 CM ;ÜRÜN METAL MALZEMEDEN OLUŞMAKTADIR.  İSTENİLEN RENK BOYA VE KAPLAMA YAPILMAKTADIR.;G4;VAR;25000;35000;Bilgi Yok
PND1764-B;GRACE  MASA ÜSTÜ AVİZE /CHANDELİER;ÖLÇÜLER 100X50 X60CM;ÜRÜN METAL MALZEMEDEN OLUŞMAKTADIR.  İSTENİLEN RENK BOYA VE KAPLAMA YAPILMAKTADIR.  ;G4;VAR;28500;40000;Bilgi Yok
PND1764-C;GRACE  MASA ÜSTÜ AVİZE /CHANDELİER;ÖLÇÜLER 140X50X75 CM;ÜRÜN METAL MALZEMEDEN OLUŞMAKTADIR.  İSTENİLEN RENK BOYA VE KAPLAMA YAPILMAKTADIR. ;G4;VAR;45000;65000;Bilgi Yok
PND1764-D;GRACE MASA /TABLE ;200X100 CM ;  ÜRÜN METAL MALZEMEDEN ÜRETİLMİŞTİR. İSTENİLEN RNK BOYANA BİLİR. ÖLÇÜLENDİRİLEBİLİR. ;Bilgi Yok;YOK;135000;189000;Bilgi Yok
PND1740;PETSO APLİK;D: 12 CM  CAM D:13 CM ;ÜRÜN METAL  MALZEMEDEN OLUŞMAKTADIR. İSTENİLEN RENK KAPLAMA VE BOYA YAPILA BİLİR.;E14;YOK;780;1092;Bilgi Yok
PND1740-D;PETSO TABLE;D: 15 CM  CAM D:20 CM  H:63 CM ;ÜRÜN METAL  MALZEMEDEN OLUŞMAKTADIR. İSTENİLEN RENK KAPLAMA VE BOYA YAPILA BİLİR.;E27;YOK;980;1372;Bilgi Yok
PND1741-A;MUSH TABLE ;D:30 CM H:45 CM ;Bilgi Yok;E27;YOK;3900;5460;800,00 TL
PND1742;TULU PENDANT;D:45 CM  H: 55 CM ;ÜRÜN METAL  MALZEMEDEN OLUŞMAKTADIR.  İSTENİLEN RENK KAPLAMA VE BOYA YAPILA BİLİR CAM  ÖLÇÜSÜ: 8 CM DİR.;G9 ;YOK;890;1246;Bilgi Yok
PND1380-A;BLOOM SARKIT;D:40 CM  H: 63 CM ;ÜRÜN METAL  MALZEMEDEN OLUŞMAKTADIR.  İSTENİLEN RENK KAPLAMA VE BOYA YAPILA BİLİR CAM  ÖLÇÜSÜ: 8 CM DİR.;G9 ;YOK;1800;2520;Bilgi Yok
PND1380;REBECA SARKIT ;D: 40 cm  H: 88 cm ;ÜRÜN METAL  MALZEMEDEN OLUŞMAKTADIR.  İSTENİLEN RENK KAPLAMA VE BOYA YAPILA BİLİR CAM  ÖLÇÜSÜ: 8 CM DİR.;G9 ;YOK;2150;3010;Bilgi Yok
PND1378;DINGDONG SARKIT;60 Q; METAL  MALZEMEDEN OLUŞMAKTADIR.  İSTENİLEN RENK KAPLAMA VE BOYA YAPILA BİLİR CAM  ÖLÇÜSÜ: 12 CM DİR.;E14;YOK;3950;5530;Bilgi Yok
PND1390-T;APLİKQA MASA LAMBASI;20 X 60 CM  ; METAL  MALZEMEDEN OLUŞMAKTADIR.  İSTENİLEN RENK KAPLAMA VE BOYA YAPILA BİLİR CAM  ÖLÇÜSÜ:12 CM Q DİR.;G9 ;YOK;650;910;Bilgi Yok
PND17413;VIOLET SARKIT ;D: 40 cm   ;ÜRÜN METAL  MALZEMEDEN OLUŞMAKTADIR.  İSTENİLEN RENK KAPLAMA VE BOYA YAPILA BİLİR CAM  ÖLÇÜSÜ: 8 CM DİR.;G9 ;YOK;1450;2030;Bilgi Yok
PND17414;RİXOS  APLİK;D:  9 CM H: 55 CM  ;ÜRÜN METAL  VE İÇİ DOLU PLEKSİ  MALZEMEDEN OLUŞMAKTADIR.  İSTENİLEN RENK KAPLAMA VE BOYA YAPILA BİLİR ;DS LED;var;1850;2590;Bilgi Yok
PND17415;ARORA  APLİK;D: 8 CM  H:53 CM  CAM D: 25 CM ;ÜRÜN METAL  MALZEMEDEN OLUŞMAKTADIR.  İSTENİLEN RENK KAPLAMA VE BOYA YAPILA BİLİR ;E27;var;820;1148;Bilgi Yok
PND17415-A;ARORA  APLİK;D:  8 CM  H: 75 CM CAM D: 25 CM  ;ÜRÜN METAL  MALZEMEDEN OLUŞMAKTADIR.  İSTENİLEN RENK KAPLAMA VE BOYA YAPILA BİLİR ;E27;YOK;1070;1498;Bilgi Yok
PND1352-W;SARA ZİNCİR APLİK /WALL;ÖLÇÜLER 15 X 40   ZİNCİR DAHİL 65CM;ÜRÜN METAL MALZEMEDEN ÜRETİLMİŞTİR.  KUMAŞ ŞAPKA KULLANILMIŞTIR. İSTENİLEN RENK KAPLAMA YAPILIR.;E14 X 1  MAX 20 W;YOK;2800;3920;Bilgi Yok
PND1352-W2;SARA ZİNCİR APLİK /WALL;ÖLÇÜLER 55 X 50 CM;ÜRÜN  METAL MALZEMEDEN ÜRETİLMİŞTİR.  KUMAŞ ŞAPKA KULLANILMIŞTIR. İSTENİLEN RENK KAPLAMA YAPILIR.;E14 X 2  MAX 20 W;YOK;5900;8260;350,00 TL
PND1387;SARA ZİNCİR AVİZE / CHANDELIER;ÖLÇÜLER  80 Q  ;6 KOLLU  ÜRÜN METAL METAL MALZEMEDEN ÜRETİLMİŞTİR.  KUMAŞ ŞAPKA KULLANILMIŞTIR. İSTENİLEN RENK KAPLAMA YAPILIR.;E14 MAX 20 W;YOK;16500;23100;Bilgi Yok
PND1387-A;SARA ZİNCİR AVİZE / CHANDELIER;ÖLÇÜLER  100 Q  ;8 KOLLU ÜRÜN  METAL MALZEMEDEN ÜRETİLMİŞTİR.  KUMAŞ ŞAPKA KULLANILMIŞTIR. İSTENİLEN RENK KAPLAMA YAPILIR.;E14 MAX 20 W;YOK;22800;31920;Bilgi Yok
PND1387-B;SARA ZİNCİR AVİZE / CHANDELIER;ÖLÇÜLER  80 Q  X 50 ;8 KOLLU ÜRÜN  METAL MALZEMEDEN ÜRETİLMİŞTİR.  KUMAŞ ŞAPKA KULLANILMIŞTIR. İSTENİLEN RENK KAPLAMA YAPILIR.;E14  MAX 20 W;YOK;18500;25900;Bilgi Yok
PND1387-C;SARA ZİNCİR AVİZE / CHANDELIER;ÖLÇÜLER  100 Q  X 50 ;10 KOLLU ÜRÜN  METAL MALZEMEDEN ÜRETİLMİŞTİR.  KUMAŞ ŞAPKA KULLANILMIŞTIR. İSTENİLEN RENK KAPLAMA YAPILIR.;E14  MAX 20 W;YOK;25500;35700;Bilgi Yok
PND1341-W;YILAN APLİK / WALL;90X29 CM ;POLİRETEN MALZEMEDEN ÜRETİLMİŞTİR.METAL ŞAPKADAN OLUŞMAKTADIR. BAKIR,ALTIN,KROM RENKLERİNDEN OLUŞMAKTADIR.;E14;YOK;7000;9800;Bilgi Yok
PND1341-WI;YILAN AYNA/MIRROR;Bilgi Yok;POLİRETEN MALZEMEDEN ÜRETİLMİŞTİR.KROM AYNA KULLANILMIŞTIR BAKIR,ALTIN,KROM RENKLERİNDEN OLUŞMAKTADIR.;Bilgi Yok;YOK;10750;15050;Bilgi Yok
PND1325;GLAZE TAŞ AVİZE /CHANDELIER;90X40X120 CM ;CAM MALZEMEDEN ÜRETİLMEKTEDİR.;SPOTLED;VAR;35000;49000;Bilgi Yok
PND1340;LEAF YAPRAK AVİZE/CHANDELIER;80X130 CM;ÖZEL ÜRETİM YAPRAK CAM VE PASLANMAZ MAZLEMEDEN ÜRETİLMEKTEDİR.ŞEFFAF VE BAL RENKLERİ MEVCUTTUR;SPOTLED;VAR;55000;77000;Bilgi Yok
PND13668;WAWE BOZNUZ AVİZE/CHANDELIER;80X190 CM ;ÖZEL ÜRETİM BOYNUZ ŞEKLİNDE  CAM VE PASLANMAZ MAZLEMEDEN ÜRETİLMEKTEDİR.ŞEFFAF VE BAL RENKLERİ MEVCUTTUR;SPOTLED;VAR;65000;91000;Bilgi Yok
PND1259;WATERFALL ;60X30X120 ;METAL VE CAM MALZEMEDEN ÜRETİLMEKTEDİR. ;G9 ;YOK ;38000;53200;Bilgi Yok
